,TF family name,number of TFs,list of TFs
0,MH1,2,"Nitab0Ug024720.1.1,Nitab19g025500.1.1"
1,MBD,31,"Nitab01g008570.1.1,Nitab02g009080.1.1,Nitab02g011870.1.1,Nitab04g011600.1.1,Nitab04g011660.1.1,Nitab06g017040.1.1,Nitab06g033110.1.1,Nitab07g022950.1.1,Nitab08g007290.1.1,Nitab08g016540.1.1,Nitab08g029080.1.1,Nitab09g008730.1.1,Nitab09g011820.1.1,Nitab09g016990.1.1,Nitab0Tg007110.1.1,Nitab0Ug020670.1.1,Nitab0Ug027670.1.1,Nitab10g009660.1.1,Nitab10g013100.1.1,Nitab11g019880.1.1,Nitab16g022620.1.1,Nitab18g006980.1.1,Nitab18g009420.1.1,Nitab18g012770.1.1,Nitab18g020840.1.1,Nitab18g022480.1.1,Nitab19g035410.1.1,Nitab21g020420.1.1,Nitab22g005700.1.1,Nitab22g009570.1.1,Nitab22g020080.1.1"
2,TEA,36,"Nitab02g010400.1.1,Nitab04g009290.1.1,Nitab05g006390.1.1,Nitab05g009320.1.1,Nitab05g019010.1.1,Nitab06g030230.1.1,Nitab07g014980.1.1,Nitab08g008360.1.1,Nitab08g015470.1.1,Nitab08g016770.1.1,Nitab09g016080.1.1,Nitab0Sg008950.1.1,Nitab11g010960.1.1,Nitab11g021720.1.1,Nitab12g012330.1.1,Nitab12g025360.1.1,Nitab13g010740.1.1,Nitab13g015020.1.1,Nitab13g023050.1.1,Nitab15g008640.1.1,Nitab15g009290.1.1,Nitab16g008890.1.1,Nitab16g014480.1.1,Nitab18g013760.1.1,Nitab18g014170.1.1,Nitab19g028170.1.1,Nitab20g012960.1.1,Nitab22g010490.1.1,Nitab22g017130.1.1,Nitab22g019800.1.1,Nitab23g012860.1.1,Nitab23g027360.1.1,Nitab24g007350.1.1,Nitab24g012270.1.1,Nitab24g016990.1.1,Nitab24g020870.1.1"
3,bZIP_1,218,"Nitab01g005340.1.1,Nitab01g010790.1.1,Nitab01g012880.1.1,Nitab01g016820.1.1,Nitab01g024480.1.1,Nitab01g028630.1.1,Nitab02g005260.1.1,Nitab02g014530.1.1,Nitab02g018750.1.1,Nitab02g020400.1.1,Nitab02g021460.1.1,Nitab02g021790.1.1,Nitab03g005070.1.1,Nitab03g006930.1.1,Nitab03g007110.1.1,Nitab03g007350.1.1,Nitab03g008790.1.1,Nitab03g009240.1.1,Nitab03g013540.1.1,Nitab03g016920.1.1,Nitab03g017850.1.1,Nitab03g019150.1.1,Nitab03g022330.1.1,Nitab03g023690.1.1,Nitab03g031530.1.1,Nitab03g032450.1.1,Nitab03g033320.1.1,Nitab04g007690.1.1,Nitab04g007910.1.1,Nitab04g010010.1.1,Nitab04g019330.1.1,Nitab04g021800.1.1,Nitab04g024640.1.1,Nitab04g028470.1.1,Nitab04g029040.1.1,Nitab04g029310.1.1,Nitab04g030080.1.1,Nitab04g030720.1.1,Nitab05g005560.1.1,Nitab05g006030.1.1,Nitab05g006910.1.1,Nitab05g007610.1.1,Nitab05g007850.1.1,Nitab05g012980.1.1,Nitab05g016970.1.1,Nitab05g017290.1.1,Nitab05g018390.1.1,Nitab05g019160.1.1,Nitab05g019350.1.1,Nitab05g023780.1.1,Nitab05g024380.1.1,Nitab05g025730.1.1,Nitab06g005330.1.1,Nitab06g007330.1.1,Nitab06g009460.1.1,Nitab06g010180.1.1,Nitab06g011000.1.1,Nitab06g011250.1.1,Nitab06g014040.1.1,Nitab06g017190.1.1,Nitab06g018240.1.1,Nitab06g019040.1.1,Nitab06g025150.1.1,Nitab06g026490.1.1,Nitab06g028270.1.1,Nitab06g028800.1.1,Nitab06g030920.1.1,Nitab07g005520.1.1,Nitab07g007230.1.1,Nitab07g008870.1.1,Nitab07g011830.1.1,Nitab07g011860.1.1,Nitab07g013820.1.1,Nitab07g015540.1.1,Nitab07g020810.1.1,Nitab07g021350.1.1,Nitab07g021470.1.1,Nitab07g024500.1.1,Nitab07g027140.1.1,Nitab08g005270.1.1,Nitab08g008440.1.1,Nitab08g013480.1.1,Nitab08g018060.1.1,Nitab08g019310.1.1,Nitab08g019760.1.1,Nitab08g025240.1.1,Nitab08g026040.1.1,Nitab09g008570.1.1,Nitab09g017320.1.1,Nitab09g019780.1.1,Nitab09g021230.1.1,Nitab0Sg013340.1.1,Nitab0Sg016280.1.1,Nitab0Sg017610.1.1,Nitab0Sg026850.1.1,Nitab0Tg009840.1.1,Nitab0Ug015560.1.1,Nitab0Ug017190.1.1,Nitab0Ug025020.1.1,Nitab10g005450.1.1,Nitab10g013470.1.1,Nitab10g014780.1.1,Nitab10g018460.1.1,Nitab10g020890.1.1,Nitab10g022350.1.1,Nitab11g011140.1.1,Nitab11g011940.1.1,Nitab11g017430.1.1,Nitab11g017690.1.1,Nitab11g019740.1.1,Nitab11g021410.1.1,Nitab11g026610.1.1,Nitab12g005150.1.1,Nitab12g010230.1.1,Nitab12g010890.1.1,Nitab12g015640.1.1,Nitab12g016030.1.1,Nitab12g017090.1.1,Nitab12g018430.1.1,Nitab12g021280.1.1,Nitab12g023080.1.1,Nitab13g005420.1.1,Nitab13g011000.1.1,Nitab13g012750.1.1,Nitab13g012780.1.1,Nitab13g013810.1.1,Nitab13g016930.1.1,Nitab13g020540.1.1,Nitab13g022850.1.1,Nitab14g011010.1.1,Nitab14g011990.1.1,Nitab14g016080.1.1,Nitab14g017010.1.1,Nitab14g017380.1.1,Nitab15g010000.1.1,Nitab15g012170.1.1,Nitab15g015210.1.1,Nitab15g015890.1.1,Nitab15g016570.1.1,Nitab15g017800.1.1,Nitab15g020790.1.1,Nitab15g021370.1.1,Nitab16g007860.1.1,Nitab16g013890.1.1,Nitab16g015050.1.1,Nitab16g019690.1.1,Nitab16g021490.1.1,Nitab16g024080.1.1,Nitab16g026220.1.1,Nitab16g026360.1.1,Nitab16g026450.1.1,Nitab17g008710.1.1,Nitab17g014950.1.1,Nitab17g023300.1.1,Nitab17g029050.1.1,Nitab17g029330.1.1,Nitab17g032740.1.1,Nitab17g033830.1.1,Nitab17g036370.1.1,Nitab17g038040.1.1,Nitab17g038980.1.1,Nitab18g009310.1.1,Nitab18g011050.1.1,Nitab18g017340.1.1,Nitab18g018850.1.1,Nitab18g019040.1.1,Nitab18g021460.1.1,Nitab19g006890.1.1,Nitab19g012130.1.1,Nitab19g017790.1.1,Nitab19g018290.1.1,Nitab19g019190.1.1,Nitab19g020940.1.1,Nitab19g025200.1.1,Nitab19g025960.1.1,Nitab19g026060.1.1,Nitab19g027720.1.1,Nitab19g028890.1.1,Nitab19g034950.1.1,Nitab19g035070.1.1,Nitab20g006760.1.1,Nitab20g007110.1.1,Nitab20g008280.1.1,Nitab20g018530.1.1,Nitab20g020550.1.1,Nitab20g023490.1.1,Nitab21g013590.1.1,Nitab21g016510.1.1,Nitab21g017330.1.1,Nitab22g006900.1.1,Nitab22g010070.1.1,Nitab22g013080.1.1,Nitab22g016210.1.1,Nitab22g017860.1.1,Nitab22g024840.1.1,Nitab22g025000.1.1,Nitab22g028310.1.1,Nitab22g031980.1.1,Nitab22g035190.1.1,Nitab22g035540.1.1,Nitab23g005650.1.1,Nitab23g013140.1.1,Nitab23g013170.1.1,Nitab23g014570.1.1,Nitab23g017070.1.1,Nitab23g020780.1.1,Nitab23g024950.1.1,Nitab23g028260.1.1,Nitab24g007070.1.1,Nitab24g007790.1.1,Nitab24g014010.1.1,Nitab24g014630.1.1,Nitab24g017050.1.1,Nitab24g017340.1.1,Nitab24g020290.1.1,Nitab24g022750.1.1,Nitab24g023740.1.1,Nitab24g024030.1.1"
4,zf-C2H2,152,"Nitab01g007640.1.1,Nitab01g007650.1.1,Nitab01g007970.1.1,Nitab01g011220.1.1,Nitab01g011360.1.1,Nitab01g013920.1.1,Nitab01g027540.1.1,Nitab02g007650.1.1,Nitab02g015210.1.1,Nitab02g017380.1.1,Nitab02g021930.1.1,Nitab03g011690.1.1,Nitab03g012800.1.1,Nitab03g016950.1.1,Nitab03g031030.1.1,Nitab03g032340.1.1,Nitab03g033960.1.1,Nitab03g035520.1.1,Nitab04g006730.1.1,Nitab04g015600.1.1,Nitab04g017110.1.1,Nitab04g019370.1.1,Nitab04g021510.1.1,Nitab04g024520.1.1,Nitab04g031200.1.1,Nitab04g031610.1.1,Nitab05g005720.1.1,Nitab05g005730.1.1,Nitab05g011920.1.1,Nitab05g017340.1.1,Nitab06g014160.1.1,Nitab06g017540.1.1,Nitab06g019080.1.1,Nitab06g021680.1.1,Nitab06g023260.1.1,Nitab06g026390.1.1,Nitab06g031720.1.1,Nitab06g032720.1.1,Nitab06g034230.1.1,Nitab07g006910.1.1,Nitab07g009680.1.1,Nitab07g016540.1.1,Nitab07g024700.1.1,Nitab08g006110.1.1,Nitab08g011500.1.1,Nitab08g013130.1.1,Nitab08g016850.1.1,Nitab08g017900.1.1,Nitab08g019200.1.1,Nitab08g021130.1.1,Nitab08g022790.1.1,Nitab09g005530.1.1,Nitab09g019540.1.1,Nitab09g020750.1.1,Nitab09g021550.1.1,Nitab0Sg007530.1.1,Nitab0Sg011640.1.1,Nitab0Sg015110.1.1,Nitab0Tg007380.1.1,Nitab0Tg007640.1.1,Nitab0Ug016190.1.1,Nitab0Ug016510.1.1,Nitab0Ug021070.1.1,Nitab0Ug023160.1.1,Nitab10g008120.1.1,Nitab10g017140.1.1,Nitab10g019620.1.1,Nitab11g011300.1.1,Nitab11g012830.1.1,Nitab11g016800.1.1,Nitab11g022280.1.1,Nitab11g022660.1.1,Nitab11g023210.1.1,Nitab12g007780.1.1,Nitab12g013770.1.1,Nitab12g018010.1.1,Nitab12g020620.1.1,Nitab12g022980.1.1,Nitab13g009460.1.1,Nitab13g010130.1.1,Nitab13g022640.1.1,Nitab15g007180.1.1,Nitab15g013120.1.1,Nitab15g017520.1.1,Nitab16g006210.1.1,Nitab16g006780.1.1,Nitab16g015940.1.1,Nitab16g016890.1.1,Nitab16g018590.1.1,Nitab16g022620.1.1,Nitab16g023280.1.1,Nitab17g007440.1.1,Nitab17g020120.1.1,Nitab17g021190.1.1,Nitab17g025550.1.1,Nitab17g027150.1.1,Nitab17g036710.1.1,Nitab17g038070.1.1,Nitab18g006580.1.1,Nitab18g006840.1.1,Nitab18g006870.1.1,Nitab18g006900.1.1,Nitab18g006910.1.1,Nitab18g006920.1.1,Nitab18g006970.1.1,Nitab18g009410.1.1,Nitab18g009450.1.1,Nitab18g016270.1.1,Nitab18g016750.1.1,Nitab18g016920.1.1,Nitab19g012900.1.1,Nitab19g013780.1.1,Nitab19g014610.1.1,Nitab19g022160.1.1,Nitab19g023720.1.1,Nitab19g030520.1.1,Nitab19g038190.1.1,Nitab19g038820.1.1,Nitab20g006450.1.1,Nitab20g006660.1.1,Nitab20g013530.1.1,Nitab20g023310.1.1,Nitab21g010740.1.1,Nitab21g014780.1.1,Nitab22g010630.1.1,Nitab22g011750.1.1,Nitab22g012550.1.1,Nitab22g013840.1.1,Nitab22g017950.1.1,Nitab22g018400.1.1,Nitab22g018820.1.1,Nitab22g019250.1.1,Nitab22g019260.1.1,Nitab22g019850.1.1,Nitab22g025470.1.1,Nitab22g027510.1.1,Nitab22g028620.1.1,Nitab22g029220.1.1,Nitab22g036410.1.1,Nitab23g006120.1.1,Nitab23g006570.1.1,Nitab23g010890.1.1,Nitab23g010990.1.1,Nitab23g013620.1.1,Nitab23g015810.1.1,Nitab23g027330.1.1,Nitab23g027960.1.1,Nitab23g028510.1.1,Nitab24g009150.1.1,Nitab24g011000.1.1,Nitab24g017170.1.1,Nitab24g019070.1.1"
5,EIN3,14,"Nitab07g015070.1.1,Nitab08g015480.1.1,Nitab08g015490.1.1,Nitab09g022090.1.1,Nitab0Ug007600.1.1,Nitab18g006040.1.1,Nitab19g006430.1.1,Nitab19g028270.1.1,Nitab22g017140.1.1,Nitab22g017150.1.1,Nitab22g017160.1.1,Nitab22g017190.1.1,Nitab22g034080.1.1,Nitab22g035800.1.1"
6,MADF_DNA_bdg,66,"Nitab01g010480.1.1,Nitab01g013030.1.1,Nitab02g005580.1.1,Nitab02g006120.1.1,Nitab02g010060.1.1,Nitab02g010670.1.1,Nitab02g012230.1.1,Nitab02g019780.1.1,Nitab02g021500.1.1,Nitab03g006400.1.1,Nitab03g024340.1.1,Nitab04g015920.1.1,Nitab04g025450.1.1,Nitab05g010880.1.1,Nitab05g014300.1.1,Nitab05g019490.1.1,Nitab05g026490.1.1,Nitab06g011220.1.1,Nitab06g027230.1.1,Nitab06g031610.1.1,Nitab07g014750.1.1,Nitab07g015940.1.1,Nitab07g023860.1.1,Nitab08g009320.1.1,Nitab08g025180.1.1,Nitab09g020330.1.1,Nitab0Sg024870.1.1,Nitab0Ug006680.1.1,Nitab0Ug021660.1.1,Nitab10g005640.1.1,Nitab10g006220.1.1,Nitab10g011450.1.1,Nitab10g012810.1.1,Nitab10g019750.1.1,Nitab10g020020.1.1,Nitab10g026090.1.1,Nitab11g013770.1.1,Nitab12g015900.1.1,Nitab12g020540.1.1,Nitab14g014620.1.1,Nitab15g009670.1.1,Nitab15g011680.1.1,Nitab15g013100.1.1,Nitab15g019160.1.1,Nitab15g021570.1.1,Nitab15g022770.1.1,Nitab16g014970.1.1,Nitab16g023230.1.1,Nitab17g007550.1.1,Nitab17g011820.1.1,Nitab17g021130.1.1,Nitab18g010110.1.1,Nitab18g018950.1.1,Nitab19g027960.1.1,Nitab19g029110.1.1,Nitab19g036750.1.1,Nitab20g009880.1.1,Nitab20g017360.1.1,Nitab20g018780.1.1,Nitab20g020500.1.1,Nitab21g016370.1.1,Nitab22g019900.1.1,Nitab22g023530.1.1,Nitab23g009080.1.1,Nitab23g012790.1.1,Nitab24g020250.1.1"
7,FAR1,118,"Nitab01g012400.1.1,Nitab01g018080.1.1,Nitab02g005550.1.1,Nitab02g007760.1.1,Nitab02g011840.1.1,Nitab02g012680.1.1,Nitab02g023180.1.1,Nitab02g025390.1.1,Nitab02g025700.1.1,Nitab02g026860.1.1,Nitab02g026870.1.1,Nitab03g007210.1.1,Nitab03g010930.1.1,Nitab03g016860.1.1,Nitab03g016900.1.1,Nitab03g020650.1.1,Nitab03g033730.1.1,Nitab03g035030.1.1,Nitab04g007210.1.1,Nitab04g009620.1.1,Nitab04g010740.1.1,Nitab04g010910.1.1,Nitab04g011260.1.1,Nitab04g016870.1.1,Nitab04g030400.1.1,Nitab04g031590.1.1,Nitab06g012970.1.1,Nitab06g017740.1.1,Nitab06g018690.1.1,Nitab06g023910.1.1,Nitab06g027810.1.1,Nitab06g028640.1.1,Nitab06g032320.1.1,Nitab06g033000.1.1,Nitab07g010450.1.1,Nitab07g013510.1.1,Nitab07g015140.1.1,Nitab07g023950.1.1,Nitab07g024330.1.1,Nitab07g026300.1.1,Nitab07g031340.1.1,Nitab07g032850.1.1,Nitab08g007350.1.1,Nitab08g007360.1.1,Nitab08g007380.1.1,Nitab08g013380.1.1,Nitab08g013670.1.1,Nitab08g015430.1.1,Nitab08g016250.1.1,Nitab08g018300.1.1,Nitab08g020390.1.1,Nitab09g005720.1.1,Nitab09g007890.1.1,Nitab0Sg005050.1.1,Nitab0Sg011460.1.1,Nitab0Sg013980.1.1,Nitab0Tg007930.1.1,Nitab0Ug014940.1.1,Nitab0Ug018840.1.1,Nitab0Ug018850.1.1,Nitab0Ug023260.1.1,Nitab10g006520.1.1,Nitab10g006550.1.1,Nitab10g023670.1.1,Nitab10g023950.1.1,Nitab10g024970.1.1,Nitab10g024980.1.1,Nitab10g025980.1.1,Nitab11g007250.1.1,Nitab11g010450.1.1,Nitab13g016850.1.1,Nitab13g017390.1.1,Nitab13g022670.1.1,Nitab14g015780.1.1,Nitab14g016870.1.1,Nitab16g007230.1.1,Nitab16g013870.1.1,Nitab16g019320.1.1,Nitab17g006850.1.1,Nitab17g012050.1.1,Nitab17g015290.1.1,Nitab17g016190.1.1,Nitab17g017550.1.1,Nitab17g035390.1.1,Nitab19g009060.1.1,Nitab19g009910.1.1,Nitab19g015370.1.1,Nitab19g017440.1.1,Nitab19g017490.1.1,Nitab19g022010.1.1,Nitab19g024440.1.1,Nitab19g024460.1.1,Nitab19g033440.1.1,Nitab20g006600.1.1,Nitab20g018500.1.1,Nitab20g020710.1.1,Nitab21g005840.1.1,Nitab21g009530.1.1,Nitab21g009540.1.1,Nitab21g014120.1.1,Nitab21g021340.1.1,Nitab22g009260.1.1,Nitab22g009470.1.1,Nitab22g009480.1.1,Nitab22g012960.1.1,Nitab22g016030.1.1,Nitab22g017080.1.1,Nitab22g020780.1.1,Nitab22g026390.1.1,Nitab22g028460.1.1,Nitab22g028470.1.1,Nitab22g028540.1.1,Nitab22g031780.1.1,Nitab22g031790.1.1,Nitab22g032180.1.1,Nitab22g032190.1.1,Nitab24g009100.1.1,Nitab24g018220.1.1"
8,AP2,286,"Nitab01g006330.1.1,Nitab01g006630.1.1,Nitab01g008850.1.1,Nitab01g011740.1.1,Nitab01g014920.1.1,Nitab01g024180.1.1,Nitab01g026390.1.1,Nitab02g007910.1.1,Nitab02g012590.1.1,Nitab02g013100.1.1,Nitab02g016440.1.1,Nitab02g022190.1.1,Nitab02g022770.1.1,Nitab03g005130.1.1,Nitab03g005150.1.1,Nitab03g007390.1.1,Nitab03g007920.1.1,Nitab03g009850.1.1,Nitab03g013950.1.1,Nitab03g013980.1.1,Nitab03g025660.1.1,Nitab03g027980.1.1,Nitab03g033700.1.1,Nitab04g005770.1.1,Nitab04g005840.1.1,Nitab04g007990.1.1,Nitab04g009530.1.1,Nitab04g010570.1.1,Nitab04g011210.1.1,Nitab04g011740.1.1,Nitab04g020990.1.1,Nitab04g022220.1.1,Nitab04g022230.1.1,Nitab04g022240.1.1,Nitab04g022250.1.1,Nitab04g022260.1.1,Nitab04g023820.1.1,Nitab04g023830.1.1,Nitab04g023840.1.1,Nitab04g023860.1.1,Nitab04g025290.1.1,Nitab04g027240.1.1,Nitab04g028640.1.1,Nitab04g029360.1.1,Nitab05g007120.1.1,Nitab05g007130.1.1,Nitab05g007140.1.1,Nitab05g014060.1.1,Nitab05g016840.1.1,Nitab05g027270.1.1,Nitab05g027300.1.1,Nitab05g027700.1.1,Nitab06g010370.1.1,Nitab06g010380.1.1,Nitab06g010530.1.1,Nitab06g013070.1.1,Nitab06g015240.1.1,Nitab06g015250.1.1,Nitab06g016480.1.1,Nitab06g016530.1.1,Nitab06g016540.1.1,Nitab06g016550.1.1,Nitab06g016560.1.1,Nitab06g017250.1.1,Nitab06g017280.1.1,Nitab06g018530.1.1,Nitab06g026930.1.1,Nitab06g026990.1.1,Nitab06g030390.1.1,Nitab06g031650.1.1,Nitab06g032150.1.1,Nitab06g032640.1.1,Nitab06g033180.1.1,Nitab07g008690.1.1,Nitab07g013880.1.1,Nitab07g015130.1.1,Nitab07g022810.1.1,Nitab07g023320.1.1,Nitab07g023330.1.1,Nitab07g028830.1.1,Nitab08g005780.1.1,Nitab08g006590.1.1,Nitab08g007450.1.1,Nitab08g011670.1.1,Nitab08g025290.1.1,Nitab08g025490.1.1,Nitab08g026810.1.1,Nitab08g029030.1.1,Nitab08g029050.1.1,Nitab08g029680.1.1,Nitab09g012470.1.1,Nitab09g015660.1.1,Nitab09g015670.1.1,Nitab09g015680.1.1,Nitab09g015700.1.1,Nitab09g016580.1.1,Nitab09g017490.1.1,Nitab09g021860.1.1,Nitab0Sg005930.1.1,Nitab0Sg007570.1.1,Nitab0Sg011130.1.1,Nitab0Sg016640.1.1,Nitab0Sg017820.1.1,Nitab0Sg026300.1.1,Nitab0Tg006220.1.1,Nitab0Tg009430.1.1,Nitab0Tg009750.1.1,Nitab0Ug007560.1.1,Nitab0Ug008250.1.1,Nitab0Ug012180.1.1,Nitab0Ug012720.1.1,Nitab0Ug020990.1.1,Nitab0Ug021000.1.1,Nitab0Ug023440.1.1,Nitab0Ug027600.1.1,Nitab0Ug027610.1.1,Nitab10g005680.1.1,Nitab10g006480.1.1,Nitab10g008560.1.1,Nitab10g013420.1.1,Nitab10g020580.1.1,Nitab10g021370.1.1,Nitab11g005180.1.1,Nitab11g005190.1.1,Nitab11g005200.1.1,Nitab11g005220.1.1,Nitab11g006120.1.1,Nitab11g007200.1.1,Nitab11g007210.1.1,Nitab11g007220.1.1,Nitab11g007230.1.1,Nitab11g008700.1.1,Nitab11g009220.1.1,Nitab11g012200.1.1,Nitab11g012400.1.1,Nitab11g015210.1.1,Nitab11g016980.1.1,Nitab11g023340.1.1,Nitab11g023360.1.1,Nitab11g023650.1.1,Nitab11g024170.1.1,Nitab11g024380.1.1,Nitab11g024430.1.1,Nitab11g024440.1.1,Nitab12g006010.1.1,Nitab12g009700.1.1,Nitab12g009900.1.1,Nitab12g012990.1.1,Nitab12g017540.1.1,Nitab12g020180.1.1,Nitab12g021070.1.1,Nitab12g024340.1.1,Nitab12g024350.1.1,Nitab13g005560.1.1,Nitab13g008340.1.1,Nitab13g008350.1.1,Nitab13g008360.1.1,Nitab13g008560.1.1,Nitab13g009120.1.1,Nitab13g009390.1.1,Nitab13g013080.1.1,Nitab13g015670.1.1,Nitab13g018690.1.1,Nitab13g018700.1.1,Nitab13g020200.1.1,Nitab13g021600.1.1,Nitab13g025430.1.1,Nitab14g007510.1.1,Nitab14g008590.1.1,Nitab14g010480.1.1,Nitab14g016580.1.1,Nitab14g016590.1.1,Nitab14g016640.1.1,Nitab14g020270.1.1,Nitab14g021380.1.1,Nitab14g021390.1.1,Nitab15g007140.1.1,Nitab15g009980.1.1,Nitab15g010570.1.1,Nitab15g011840.1.1,Nitab15g012330.1.1,Nitab15g023450.1.1,Nitab15g023460.1.1,Nitab15g023780.1.1,Nitab16g007470.1.1,Nitab16g009430.1.1,Nitab16g012320.1.1,Nitab16g012520.1.1,Nitab16g016070.1.1,Nitab16g018820.1.1,Nitab16g022290.1.1,Nitab16g022370.1.1,Nitab16g023920.1.1,Nitab17g007080.1.1,Nitab17g007520.1.1,Nitab17g012110.1.1,Nitab17g012130.1.1,Nitab17g013970.1.1,Nitab17g016350.1.1,Nitab17g017210.1.1,Nitab17g022600.1.1,Nitab17g023270.1.1,Nitab17g023280.1.1,Nitab17g023630.1.1,Nitab17g024580.1.1,Nitab17g031840.1.1,Nitab17g032220.1.1,Nitab18g006400.1.1,Nitab18g007710.1.1,Nitab18g009550.1.1,Nitab18g013190.1.1,Nitab18g014140.1.1,Nitab18g014150.1.1,Nitab18g014160.1.1,Nitab18g020150.1.1,Nitab18g020160.1.1,Nitab19g005500.1.1,Nitab19g006800.1.1,Nitab19g007880.1.1,Nitab19g012250.1.1,Nitab19g015550.1.1,Nitab19g017960.1.1,Nitab19g025240.1.1,Nitab19g028300.1.1,Nitab19g036170.1.1,Nitab19g036410.1.1,Nitab19g036420.1.1,Nitab20g006810.1.1,Nitab20g006830.1.1,Nitab20g007310.1.1,Nitab20g018220.1.1,Nitab20g018630.1.1,Nitab20g020010.1.1,Nitab20g020570.1.1,Nitab20g021480.1.1,Nitab20g023320.1.1,Nitab21g005810.1.1,Nitab21g005820.1.1,Nitab21g005830.1.1,Nitab21g007300.1.1,Nitab21g010360.1.1,Nitab21g010390.1.1,Nitab21g012300.1.1,Nitab21g016550.1.1,Nitab21g018300.1.1,Nitab21g020330.1.1,Nitab21g020340.1.1,Nitab21g020360.1.1,Nitab21g021110.1.1,Nitab22g007440.1.1,Nitab22g009180.1.1,Nitab22g009390.1.1,Nitab22g010970.1.1,Nitab22g011490.1.1,Nitab22g013510.1.1,Nitab22g014220.1.1,Nitab22g019020.1.1,Nitab22g026440.1.1,Nitab22g031060.1.1,Nitab22g034190.1.1,Nitab22g035390.1.1,Nitab22g035400.1.1,Nitab22g035410.1.1,Nitab23g006840.1.1,Nitab23g007160.1.1,Nitab23g009330.1.1,Nitab23g011470.1.1,Nitab23g011480.1.1,Nitab23g011850.1.1,Nitab23g011860.1.1,Nitab23g013920.1.1,Nitab23g014660.1.1,Nitab23g016960.1.1,Nitab23g021330.1.1,Nitab23g024700.1.1,Nitab23g026380.1.1,Nitab24g005780.1.1,Nitab24g006380.1.1,Nitab24g006870.1.1,Nitab24g009000.1.1,Nitab24g014390.1.1,Nitab24g014400.1.1,Nitab24g019510.1.1,Nitab24g023610.1.1,Nitab24g023950.1.1,Nitab24g023980.1.1"
9,Ets,2,"Nitab08g014650.1.1,Nitab17g032740.1.1"
10,Sigma70_r2,20,"Nitab01g014460.1.1,Nitab01g021910.1.1,Nitab02g007210.1.1,Nitab04g018010.1.1,Nitab04g018430.1.1,Nitab06g020610.1.1,Nitab07g024550.1.1,Nitab08g021700.1.1,Nitab08g026060.1.1,Nitab09g020380.1.1,Nitab0Ug008650.1.1,Nitab10g007490.1.1,Nitab14g021500.1.1,Nitab14g021510.1.1,Nitab19g017230.1.1,Nitab19g038030.1.1,Nitab21g010980.1.1,Nitab22g026210.1.1,Nitab23g016370.1.1,Nitab23g021580.1.1"
11,Zn_clus,7,"Nitab01g006620.1.1,Nitab0Ug016780.1.1,Nitab15g023850.1.1,Nitab19g007300.1.1,Nitab21g005300.1.1,Nitab21g017860.1.1,Nitab22g034660.1.1"
12,AFT,2,"Nitab0Ug016190.1.1,Nitab17g029870.1.1"
13,RWP-RK,36,"Nitab01g005770.1.1,Nitab01g005780.1.1,Nitab01g011470.1.1,Nitab01g013260.1.1,Nitab03g015160.1.1,Nitab04g012240.1.1,Nitab05g013470.1.1,Nitab05g027830.1.1,Nitab06g033640.1.1,Nitab07g005220.1.1,Nitab09g021810.1.1,Nitab09g021820.1.1,Nitab09g021830.1.1,Nitab09g021960.1.1,Nitab0Ug020300.1.1,Nitab11g024170.1.1,Nitab12g024010.1.1,Nitab12g025100.1.1,Nitab13g008560.1.1,Nitab14g015280.1.1,Nitab15g015750.1.1,Nitab15g023930.1.1,Nitab18g006230.1.1,Nitab18g006240.1.1,Nitab18g006250.1.1,Nitab18g006280.1.1,Nitab18g006450.1.1,Nitab18g006460.1.1,Nitab18g006470.1.1,Nitab19g021560.1.1,Nitab21g016170.1.1,Nitab22g023630.1.1,Nitab23g006270.1.1,Nitab23g013760.1.1,Nitab23g014980.1.1,Nitab24g013840.1.1"
14,zf-BED,282,"Nitab01g008940.1.1,Nitab01g012670.1.1,Nitab01g012950.1.1,Nitab01g013190.1.1,Nitab01g014890.1.1,Nitab01g015320.1.1,Nitab01g015900.1.1,Nitab01g016940.1.1,Nitab01g017800.1.1,Nitab01g018260.1.1,Nitab01g018460.1.1,Nitab01g019830.1.1,Nitab01g019860.1.1,Nitab01g020370.1.1,Nitab01g021380.1.1,Nitab01g021540.1.1,Nitab01g027860.1.1,Nitab01g028220.1.1,Nitab01g028590.1.1,Nitab02g006670.1.1,Nitab02g007650.1.1,Nitab02g008670.1.1,Nitab02g011120.1.1,Nitab02g017930.1.1,Nitab02g020720.1.1,Nitab02g021210.1.1,Nitab02g021580.1.1,Nitab02g027940.1.1,Nitab03g006310.1.1,Nitab03g006670.1.1,Nitab03g012630.1.1,Nitab03g016950.1.1,Nitab03g019930.1.1,Nitab03g023240.1.1,Nitab03g025470.1.1,Nitab03g026500.1.1,Nitab03g027030.1.1,Nitab03g031030.1.1,Nitab03g033010.1.1,Nitab04g005110.1.1,Nitab04g006660.1.1,Nitab04g009200.1.1,Nitab04g010810.1.1,Nitab04g011440.1.1,Nitab04g013150.1.1,Nitab04g014450.1.1,Nitab04g018970.1.1,Nitab04g020300.1.1,Nitab04g020850.1.1,Nitab04g022500.1.1,Nitab04g028580.1.1,Nitab04g031180.1.1,Nitab04g031300.1.1,Nitab05g006320.1.1,Nitab05g006620.1.1,Nitab05g014890.1.1,Nitab05g015110.1.1,Nitab05g015420.1.1,Nitab05g016580.1.1,Nitab05g026980.1.1,Nitab06g005680.1.1,Nitab06g014560.1.1,Nitab06g015930.1.1,Nitab06g017880.1.1,Nitab06g018490.1.1,Nitab06g020030.1.1,Nitab06g026870.1.1,Nitab06g030130.1.1,Nitab06g030260.1.1,Nitab06g032030.1.1,Nitab06g032910.1.1,Nitab06g034230.1.1,Nitab06g034440.1.1,Nitab06g034870.1.1,Nitab07g006370.1.1,Nitab07g006390.1.1,Nitab07g007210.1.1,Nitab07g010810.1.1,Nitab07g021120.1.1,Nitab07g021560.1.1,Nitab07g021720.1.1,Nitab07g022170.1.1,Nitab07g023380.1.1,Nitab07g025550.1.1,Nitab07g028080.1.1,Nitab07g031590.1.1,Nitab07g032130.1.1,Nitab08g007540.1.1,Nitab08g007620.1.1,Nitab08g008300.1.1,Nitab08g011990.1.1,Nitab08g012470.1.1,Nitab08g013110.1.1,Nitab08g013990.1.1,Nitab08g016820.1.1,Nitab08g017070.1.1,Nitab08g018180.1.1,Nitab08g019290.1.1,Nitab08g020910.1.1,Nitab08g021020.1.1,Nitab08g024200.1.1,Nitab08g026230.1.1,Nitab08g026290.1.1,Nitab08g027390.1.1,Nitab08g027690.1.1,Nitab08g029130.1.1,Nitab09g007070.1.1,Nitab09g007340.1.1,Nitab09g008660.1.1,Nitab09g009090.1.1,Nitab09g009570.1.1,Nitab09g010390.1.1,Nitab09g015760.1.1,Nitab09g016360.1.1,Nitab09g016430.1.1,Nitab09g016590.1.1,Nitab09g019360.1.1,Nitab09g019540.1.1,Nitab0Sg006610.1.1,Nitab0Sg007530.1.1,Nitab0Sg008420.1.1,Nitab0Sg008520.1.1,Nitab0Sg009800.1.1,Nitab0Sg014930.1.1,Nitab0Sg025250.1.1,Nitab0Sg025410.1.1,Nitab0Sg026930.1.1,Nitab0Ug007440.1.1,Nitab0Ug008590.1.1,Nitab0Ug008840.1.1,Nitab0Ug010130.1.1,Nitab0Ug015100.1.1,Nitab0Ug015650.1.1,Nitab0Ug015980.1.1,Nitab0Ug017310.1.1,Nitab0Ug023190.1.1,Nitab10g006980.1.1,Nitab10g007910.1.1,Nitab10g008110.1.1,Nitab10g010890.1.1,Nitab10g011550.1.1,Nitab10g015370.1.1,Nitab10g019020.1.1,Nitab10g019810.1.1,Nitab10g020900.1.1,Nitab10g023280.1.1,Nitab10g024910.1.1,Nitab10g026210.1.1,Nitab11g012580.1.1,Nitab11g013740.1.1,Nitab11g014160.1.1,Nitab11g014480.1.1,Nitab11g014500.1.1,Nitab11g015270.1.1,Nitab11g015290.1.1,Nitab11g015590.1.1,Nitab11g016030.1.1,Nitab11g016560.1.1,Nitab11g017110.1.1,Nitab11g018650.1.1,Nitab11g021220.1.1,Nitab11g024350.1.1,Nitab11g024850.1.1,Nitab12g005120.1.1,Nitab12g006200.1.1,Nitab12g014240.1.1,Nitab12g014870.1.1,Nitab12g017730.1.1,Nitab12g022230.1.1,Nitab12g023070.1.1,Nitab12g025540.1.1,Nitab13g007780.1.1,Nitab13g012650.1.1,Nitab13g014280.1.1,Nitab13g024830.1.1,Nitab14g010590.1.1,Nitab14g010720.1.1,Nitab14g010740.1.1,Nitab14g016620.1.1,Nitab14g021920.1.1,Nitab15g005120.1.1,Nitab15g009240.1.1,Nitab15g019790.1.1,Nitab15g023120.1.1,Nitab15g023170.1.1,Nitab15g023190.1.1,Nitab16g006980.1.1,Nitab16g014170.1.1,Nitab16g016730.1.1,Nitab16g016820.1.1,Nitab16g025710.1.1,Nitab17g005470.1.1,Nitab17g007710.1.1,Nitab17g012260.1.1,Nitab17g013290.1.1,Nitab17g016860.1.1,Nitab17g018660.1.1,Nitab17g025960.1.1,Nitab17g029000.1.1,Nitab17g035840.1.1,Nitab17g036710.1.1,Nitab17g038070.1.1,Nitab17g038820.1.1,Nitab18g009760.1.1,Nitab18g011550.1.1,Nitab18g012350.1.1,Nitab18g013950.1.1,Nitab18g015370.1.1,Nitab18g020990.1.1,Nitab18g023840.1.1,Nitab18g024410.1.1,Nitab19g005620.1.1,Nitab19g008120.1.1,Nitab19g008960.1.1,Nitab19g009330.1.1,Nitab19g010770.1.1,Nitab19g012470.1.1,Nitab19g013060.1.1,Nitab19g022160.1.1,Nitab19g027500.1.1,Nitab19g028960.1.1,Nitab19g031760.1.1,Nitab19g033280.1.1,Nitab19g035960.1.1,Nitab20g005060.1.1,Nitab20g007410.1.1,Nitab20g013530.1.1,Nitab20g015220.1.1,Nitab20g016990.1.1,Nitab20g018230.1.1,Nitab20g020770.1.1,Nitab20g023500.1.1,Nitab21g005920.1.1,Nitab21g006660.1.1,Nitab21g012230.1.1,Nitab21g014300.1.1,Nitab21g020490.1.1,Nitab22g007520.1.1,Nitab22g008100.1.1,Nitab22g008220.1.1,Nitab22g008770.1.1,Nitab22g014160.1.1,Nitab22g015980.1.1,Nitab22g016330.1.1,Nitab22g019250.1.1,Nitab22g021130.1.1,Nitab22g022520.1.1,Nitab22g023150.1.1,Nitab22g023160.1.1,Nitab22g024780.1.1,Nitab22g025290.1.1,Nitab22g031050.1.1,Nitab22g031530.1.1,Nitab22g031630.1.1,Nitab22g032790.1.1,Nitab22g034760.1.1,Nitab22g034930.1.1,Nitab22g035740.1.1,Nitab23g008570.1.1,Nitab23g010990.1.1,Nitab23g011960.1.1,Nitab23g012690.1.1,Nitab23g016030.1.1,Nitab23g019400.1.1,Nitab23g020190.1.1,Nitab23g020850.1.1,Nitab23g021850.1.1,Nitab23g022800.1.1,Nitab23g027050.1.1,Nitab23g028150.1.1,Nitab23g029050.1.1,Nitab24g007160.1.1,Nitab24g009120.1.1,Nitab24g013390.1.1,Nitab24g015040.1.1,Nitab24g015180.1.1,Nitab24g015270.1.1,Nitab24g015940.1.1,Nitab24g019070.1.1,Nitab24g019190.1.1,Nitab24g024440.1.1,Nitab24g024710.1.1"
15,Vhr1,2,"Nitab17g039310.1.1,Nitab24g006470.1.1"
16,GAGA_bind,16,"Nitab01g010780.1.1,Nitab01g011990.1.1,Nitab03g018380.1.1,Nitab05g020220.1.1,Nitab07g007240.1.1,Nitab07g009380.1.1,Nitab08g021160.1.1,Nitab10g013470.1.1,Nitab12g008020.1.1,Nitab16g010910.1.1,Nitab16g026370.1.1,Nitab17g037530.1.1,Nitab19g018280.1.1,Nitab21g010750.1.1,Nitab23g013160.1.1,Nitab23g014050.1.1"
17,GRAS,82,"Nitab01g009780.1.1,Nitab02g009180.1.1,Nitab02g013230.1.1,Nitab02g016140.1.1,Nitab02g017410.1.1,Nitab02g025400.1.1,Nitab03g005040.1.1,Nitab03g016270.1.1,Nitab03g016930.1.1,Nitab03g017270.1.1,Nitab03g035680.1.1,Nitab04g005900.1.1,Nitab04g016160.1.1,Nitab04g016170.1.1,Nitab04g021070.1.1,Nitab05g013710.1.1,Nitab05g015290.1.1,Nitab06g017810.1.1,Nitab06g022730.1.1,Nitab06g027010.1.1,Nitab07g010730.1.1,Nitab07g018170.1.1,Nitab08g023720.1.1,Nitab0Sg005950.1.1,Nitab0Sg021250.1.1,Nitab0Sg024380.1.1,Nitab0Ug013880.1.1,Nitab10g011940.1.1,Nitab10g017170.1.1,Nitab10g023680.1.1,Nitab11g005810.1.1,Nitab11g008410.1.1,Nitab11g019400.1.1,Nitab11g022950.1.1,Nitab11g023030.1.1,Nitab11g023520.1.1,Nitab11g023530.1.1,Nitab11g023570.1.1,Nitab12g015000.1.1,Nitab13g007400.1.1,Nitab13g009200.1.1,Nitab13g009620.1.1,Nitab13g025600.1.1,Nitab13g027220.1.1,Nitab14g009140.1.1,Nitab14g009720.1.1,Nitab14g014780.1.1,Nitab15g005310.1.1,Nitab15g005710.1.1,Nitab15g010320.1.1,Nitab15g015870.1.1,Nitab16g006560.1.1,Nitab16g007980.1.1,Nitab16g014630.1.1,Nitab16g017150.1.1,Nitab16g018660.1.1,Nitab17g008680.1.1,Nitab17g024130.1.1,Nitab17g024320.1.1,Nitab17g025400.1.1,Nitab17g038050.1.1,Nitab17g038520.1.1,Nitab19g006740.1.1,Nitab19g022280.1.1,Nitab19g031320.1.1,Nitab19g037600.1.1,Nitab20g023570.1.1,Nitab20g024180.1.1,Nitab21g014110.1.1,Nitab22g007490.1.1,Nitab22g019380.1.1,Nitab22g019390.1.1,Nitab22g024760.1.1,Nitab22g025080.1.1,Nitab22g025090.1.1,Nitab22g035430.1.1,Nitab23g010660.1.1,Nitab23g010670.1.1,Nitab23g026610.1.1,Nitab23g028210.1.1,Nitab24g011950.1.1,Nitab24g013260.1.1"
18,FLYWCH,30,"Nitab02g011770.1.1,Nitab02g016150.1.1,Nitab03g007210.1.1,Nitab03g009610.1.1,Nitab03g014080.1.1,Nitab03g033720.1.1,Nitab04g020790.1.1,Nitab04g024490.1.1,Nitab05g011750.1.1,Nitab05g013720.1.1,Nitab05g024100.1.1,Nitab06g018280.1.1,Nitab07g013510.1.1,Nitab09g006950.1.1,Nitab09g014430.1.1,Nitab0Ug008330.1.1,Nitab10g006520.1.1,Nitab10g013110.1.1,Nitab13g011260.1.1,Nitab13g017390.1.1,Nitab15g021100.1.1,Nitab16g023830.1.1,Nitab17g014040.1.1,Nitab17g017550.1.1,Nitab17g023700.1.1,Nitab18g015420.1.1,Nitab18g024610.1.1,Nitab21g013420.1.1,Nitab24g008980.1.1,Nitab24g021580.1.1"
19,SBP,47,"Nitab01g018980.1.1,Nitab01g019010.1.1,Nitab02g018480.1.1,Nitab02g022270.1.1,Nitab03g026150.1.1,Nitab04g008280.1.1,Nitab04g030640.1.1,Nitab05g014550.1.1,Nitab05g014610.1.1,Nitab05g020320.1.1,Nitab06g007400.1.1,Nitab06g026530.1.1,Nitab06g034710.1.1,Nitab07g022650.1.1,Nitab07g027480.1.1,Nitab0Sg008810.1.1,Nitab0Sg016530.1.1,Nitab0Sg019990.1.1,Nitab0Tg008060.1.1,Nitab10g020750.1.1,Nitab11g019100.1.1,Nitab11g025280.1.1,Nitab12g006830.1.1,Nitab12g011710.1.1,Nitab13g006960.1.1,Nitab13g016840.1.1,Nitab14g011860.1.1,Nitab14g015140.1.1,Nitab15g008380.1.1,Nitab15g018110.1.1,Nitab15g018990.1.1,Nitab16g015690.1.1,Nitab17g006770.1.1,Nitab17g007100.1.1,Nitab17g008570.1.1,Nitab17g031780.1.1,Nitab18g014760.1.1,Nitab19g016190.1.1,Nitab19g035990.1.1,Nitab20g008290.1.1,Nitab20g016730.1.1,Nitab20g022320.1.1,Nitab22g008280.1.1,Nitab22g023260.1.1,Nitab23g022680.1.1,Nitab23g022710.1.1,Nitab24g022370.1.1"
20,IRF,3,"Nitab02g028450.1.1,Nitab03g024240.1.1,Nitab06g011740.1.1"
21,B3,174,"Nitab01g005260.1.1,Nitab01g005870.1.1,Nitab02g007430.1.1,Nitab02g011970.1.1,Nitab02g022330.1.1,Nitab02g026540.1.1,Nitab02g027400.1.1,Nitab03g005500.1.1,Nitab03g006950.1.1,Nitab03g008270.1.1,Nitab03g008280.1.1,Nitab03g010270.1.1,Nitab03g010280.1.1,Nitab03g010310.1.1,Nitab03g010320.1.1,Nitab03g010330.1.1,Nitab03g012920.1.1,Nitab03g013450.1.1,Nitab03g025880.1.1,Nitab03g027550.1.1,Nitab04g015770.1.1,Nitab04g015780.1.1,Nitab04g030840.1.1,Nitab05g008530.1.1,Nitab05g010000.1.1,Nitab05g017580.1.1,Nitab05g018210.1.1,Nitab05g023030.1.1,Nitab05g024060.1.1,Nitab05g024120.1.1,Nitab05g024130.1.1,Nitab05g024140.1.1,Nitab05g024150.1.1,Nitab05g024170.1.1,Nitab05g024180.1.1,Nitab05g024190.1.1,Nitab05g024200.1.1,Nitab05g024210.1.1,Nitab05g024220.1.1,Nitab05g024230.1.1,Nitab05g024240.1.1,Nitab05g024260.1.1,Nitab05g024270.1.1,Nitab05g024280.1.1,Nitab05g028120.1.1,Nitab06g007210.1.1,Nitab06g021560.1.1,Nitab06g023160.1.1,Nitab06g031570.1.1,Nitab07g008790.1.1,Nitab07g008800.1.1,Nitab07g008810.1.1,Nitab07g008820.1.1,Nitab07g008830.1.1,Nitab07g014340.1.1,Nitab07g020100.1.1,Nitab07g024420.1.1,Nitab07g026310.1.1,Nitab08g009780.1.1,Nitab08g023330.1.1,Nitab09g011860.1.1,Nitab09g019490.1.1,Nitab09g019830.1.1,Nitab0Sg006000.1.1,Nitab0Sg007870.1.1,Nitab0Sg027560.1.1,Nitab0Sg028000.1.1,Nitab0Ug005550.1.1,Nitab0Ug006540.1.1,Nitab0Ug011570.1.1,Nitab0Ug020750.1.1,Nitab0Ug022060.1.1,Nitab0Ug025080.1.1,Nitab0Ug026880.1.1,Nitab10g007610.1.1,Nitab10g013320.1.1,Nitab10g020680.1.1,Nitab10g024710.1.1,Nitab10g025430.1.1,Nitab11g014040.1.1,Nitab11g015530.1.1,Nitab11g015540.1.1,Nitab11g019870.1.1,Nitab11g020650.1.1,Nitab12g009900.1.1,Nitab12g013470.1.1,Nitab12g022100.1.1,Nitab13g011680.1.1,Nitab13g014610.1.1,Nitab13g018190.1.1,Nitab13g018220.1.1,Nitab13g021990.1.1,Nitab14g019020.1.1,Nitab15g007140.1.1,Nitab15g009060.1.1,Nitab15g021130.1.1,Nitab15g021140.1.1,Nitab15g021150.1.1,Nitab15g021190.1.1,Nitab15g021200.1.1,Nitab15g021210.1.1,Nitab15g021220.1.1,Nitab15g021230.1.1,Nitab15g021250.1.1,Nitab15g021280.1.1,Nitab15g024190.1.1,Nitab16g012520.1.1,Nitab16g024340.1.1,Nitab16g024720.1.1,Nitab17g007740.1.1,Nitab17g008280.1.1,Nitab17g012000.1.1,Nitab17g012930.1.1,Nitab17g012940.1.1,Nitab17g012950.1.1,Nitab17g013560.1.1,Nitab17g013580.1.1,Nitab17g013590.1.1,Nitab17g013600.1.1,Nitab17g013610.1.1,Nitab17g013620.1.1,Nitab17g013630.1.1,Nitab17g015840.1.1,Nitab17g015850.1.1,Nitab17g016250.1.1,Nitab17g016260.1.1,Nitab17g019810.1.1,Nitab17g023200.1.1,Nitab17g025230.1.1,Nitab17g025880.1.1,Nitab17g027660.1.1,Nitab17g030630.1.1,Nitab17g032040.1.1,Nitab18g010250.1.1,Nitab18g011490.1.1,Nitab18g019160.1.1,Nitab19g006970.1.1,Nitab19g007980.1.1,Nitab19g010430.1.1,Nitab19g010440.1.1,Nitab19g011170.1.1,Nitab19g012110.1.1,Nitab19g014320.1.1,Nitab19g017820.1.1,Nitab19g017830.1.1,Nitab19g017840.1.1,Nitab19g017850.1.1,Nitab19g020080.1.1,Nitab19g020090.1.1,Nitab19g020100.1.1,Nitab19g020110.1.1,Nitab19g027370.1.1,Nitab19g033270.1.1,Nitab19g037870.1.1,Nitab20g007310.1.1,Nitab20g013500.1.1,Nitab20g021540.1.1,Nitab20g023320.1.1,Nitab21g008470.1.1,Nitab22g006720.1.1,Nitab22g007510.1.1,Nitab22g017480.1.1,Nitab22g018730.1.1,Nitab22g031100.1.1,Nitab22g031110.1.1,Nitab22g031120.1.1,Nitab23g005370.1.1,Nitab23g006450.1.1,Nitab23g028490.1.1,Nitab24g010140.1.1,Nitab24g011550.1.1,Nitab24g012920.1.1,Nitab24g018320.1.1,Nitab24g023610.1.1"
22,BAF1_ABF1,2,"Nitab0Ug017510.1.1,Nitab14g007170.1.1"
23,TCR,14,"Nitab01g015330.1.1,Nitab07g025350.1.1,Nitab08g027970.1.1,Nitab09g012740.1.1,Nitab0Sg021120.1.1,Nitab0Ug010840.1.1,Nitab0Ug016200.1.1,Nitab14g013440.1.1,Nitab17g023580.1.1,Nitab18g019770.1.1,Nitab21g010450.1.1,Nitab21g019450.1.1,Nitab22g024820.1.1,Nitab23g017340.1.1"
24,TCP,51,"Nitab01g009010.1.1,Nitab01g025330.1.1,Nitab02g018790.1.1,Nitab02g021360.1.1,Nitab02g021740.1.1,Nitab03g006840.1.1,Nitab03g012290.1.1,Nitab03g012320.1.1,Nitab03g029730.1.1,Nitab03g030800.1.1,Nitab03g035620.1.1,Nitab04g012020.1.1,Nitab04g022360.1.1,Nitab04g033290.1.1,Nitab05g022890.1.1,Nitab06g030200.1.1,Nitab06g033400.1.1,Nitab06g034540.1.1,Nitab07g011740.1.1,Nitab08g008140.1.1,Nitab08g008520.1.1,Nitab08g011270.1.1,Nitab08g016160.1.1,Nitab08g024400.1.1,Nitab09g014180.1.1,Nitab0Ug006520.1.1,Nitab0Ug007230.1.1,Nitab0Ug027810.1.1,Nitab12g006550.1.1,Nitab12g010010.1.1,Nitab12g024070.1.1,Nitab15g008630.1.1,Nitab15g020180.1.1,Nitab16g009770.1.1,Nitab16g012600.1.1,Nitab17g017880.1.1,Nitab17g020610.1.1,Nitab17g025450.1.1,Nitab18g015760.1.1,Nitab19g025990.1.1,Nitab19g034180.1.1,Nitab19g034240.1.1,Nitab20g007390.1.1,Nitab20g009710.1.1,Nitab21g015320.1.1,Nitab22g008240.1.1,Nitab22g011930.1.1,Nitab22g020360.1.1,Nitab23g009510.1.1,Nitab24g020410.1.1,Nitab24g023500.1.1"
25,zf-CCCH,145,"Nitab01g010620.1.1,Nitab01g014440.1.1,Nitab01g016960.1.1,Nitab01g023560.1.1,Nitab02g007950.1.1,Nitab02g016110.1.1,Nitab02g022200.1.1,Nitab02g025410.1.1,Nitab02g028270.1.1,Nitab03g005270.1.1,Nitab03g007190.1.1,Nitab03g034320.1.1,Nitab04g009600.1.1,Nitab04g011890.1.1,Nitab04g015590.1.1,Nitab04g018530.1.1,Nitab04g022310.1.1,Nitab04g030440.1.1,Nitab04g031440.1.1,Nitab04g031750.1.1,Nitab04g031760.1.1,Nitab05g012060.1.1,Nitab05g013210.1.1,Nitab05g013700.1.1,Nitab05g017050.1.1,Nitab05g017150.1.1,Nitab05g020080.1.1,Nitab06g006290.1.1,Nitab06g006300.1.1,Nitab06g006310.1.1,Nitab06g006790.1.1,Nitab06g007590.1.1,Nitab06g016640.1.1,Nitab06g020540.1.1,Nitab06g023240.1.1,Nitab06g023250.1.1,Nitab07g019660.1.1,Nitab07g020130.1.1,Nitab07g028290.1.1,Nitab08g008460.1.1,Nitab08g020940.1.1,Nitab08g020950.1.1,Nitab08g021690.1.1,Nitab08g022620.1.1,Nitab08g022630.1.1,Nitab08g025800.1.1,Nitab08g026650.1.1,Nitab08g027220.1.1,Nitab08g027450.1.1,Nitab08g028540.1.1,Nitab09g005130.1.1,Nitab09g017910.1.1,Nitab09g019670.1.1,Nitab09g021600.1.1,Nitab0Sg020040.1.1,Nitab0Sg023150.1.1,Nitab0Sg024310.1.1,Nitab0Ug007540.1.1,Nitab0Ug009950.1.1,Nitab0Ug010480.1.1,Nitab0Ug011780.1.1,Nitab0Ug013230.1.1,Nitab0Ug016640.1.1,Nitab0Ug022400.1.1,Nitab0Ug023100.1.1,Nitab0Ug023780.1.1,Nitab10g008600.1.1,Nitab10g020570.1.1,Nitab10g023690.1.1,Nitab11g008800.1.1,Nitab11g008810.1.1,Nitab11g019850.1.1,Nitab11g024990.1.1,Nitab11g026850.1.1,Nitab12g007700.1.1,Nitab13g007800.1.1,Nitab13g012420.1.1,Nitab13g013450.1.1,Nitab13g017040.1.1,Nitab13g024560.1.1,Nitab14g011330.1.1,Nitab14g017040.1.1,Nitab15g015520.1.1,Nitab15g017900.1.1,Nitab16g005400.1.1,Nitab16g010570.1.1,Nitab16g016550.1.1,Nitab16g017540.1.1,Nitab17g008980.1.1,Nitab17g017570.1.1,Nitab17g022020.1.1,Nitab17g026690.1.1,Nitab17g026700.1.1,Nitab17g033930.1.1,Nitab17g039340.1.1,Nitab18g007420.1.1,Nitab18g011170.1.1,Nitab18g011200.1.1,Nitab18g011690.1.1,Nitab18g016090.1.1,Nitab18g016690.1.1,Nitab18g019900.1.1,Nitab18g025660.1.1,Nitab19g007120.1.1,Nitab19g007770.1.1,Nitab19g008160.1.1,Nitab19g014520.1.1,Nitab19g016910.1.1,Nitab19g018320.1.1,Nitab19g032200.1.1,Nitab19g032810.1.1,Nitab19g033380.1.1,Nitab19g038450.1.1,Nitab19g038800.1.1,Nitab19g038990.1.1,Nitab20g006010.1.1,Nitab20g016470.1.1,Nitab21g007400.1.1,Nitab21g010990.1.1,Nitab21g017110.1.1,Nitab21g018180.1.1,Nitab21g018740.1.1,Nitab21g018980.1.1,Nitab21g020020.1.1,Nitab22g008270.1.1,Nitab22g013560.1.1,Nitab22g015180.1.1,Nitab22g016160.1.1,Nitab22g020060.1.1,Nitab22g021550.1.1,Nitab22g021560.1.1,Nitab22g022820.1.1,Nitab22g025510.1.1,Nitab22g025840.1.1,Nitab22g029160.1.1,Nitab22g033790.1.1,Nitab22g034910.1.1,Nitab22g036590.1.1,Nitab23g016360.1.1,Nitab23g018690.1.1,Nitab23g024240.1.1,Nitab23g029540.1.1,Nitab24g006640.1.1,Nitab24g009700.1.1,Nitab24g024570.1.1"
26,zf-C4,1,Nitab04g023810.1.1
27,HTH_psq,3,"Nitab05g007440.1.1,Nitab0Sg027200.1.1,Nitab24g014150.1.1"
28,WRKY,160,"Nitab01g006470.1.1,Nitab01g007090.1.1,Nitab01g007110.1.1,Nitab01g013320.1.1,Nitab01g015680.1.1,Nitab01g022690.1.1,Nitab01g023040.1.1,Nitab02g009220.1.1,Nitab02g011390.1.1,Nitab02g011770.1.1,Nitab02g012960.1.1,Nitab02g014530.1.1,Nitab02g015130.1.1,Nitab02g016150.1.1,Nitab02g020310.1.1,Nitab02g020990.1.1,Nitab02g024530.1.1,Nitab02g025390.1.1,Nitab03g007210.1.1,Nitab03g007850.1.1,Nitab03g009610.1.1,Nitab03g011220.1.1,Nitab03g014080.1.1,Nitab03g015160.1.1,Nitab03g022980.1.1,Nitab03g023890.1.1,Nitab03g028140.1.1,Nitab03g028990.1.1,Nitab03g033720.1.1,Nitab03g033730.1.1,Nitab03g035590.1.1,Nitab04g011360.1.1,Nitab04g014840.1.1,Nitab04g017660.1.1,Nitab04g018000.1.1,Nitab04g020790.1.1,Nitab04g024480.1.1,Nitab04g024490.1.1,Nitab04g031570.1.1,Nitab05g010610.1.1,Nitab05g011750.1.1,Nitab05g013720.1.1,Nitab05g014590.1.1,Nitab05g024100.1.1,Nitab05g027770.1.1,Nitab05g027780.1.1,Nitab06g014200.1.1,Nitab06g014210.1.1,Nitab06g018280.1.1,Nitab06g018600.1.1,Nitab06g024690.1.1,Nitab06g032850.1.1,Nitab07g013360.1.1,Nitab07g013510.1.1,Nitab07g013960.1.1,Nitab07g021350.1.1,Nitab08g011220.1.1,Nitab08g016060.1.1,Nitab08g026360.1.1,Nitab09g006950.1.1,Nitab09g009890.1.1,Nitab09g014430.1.1,Nitab0Ug008330.1.1,Nitab0Ug019380.1.1,Nitab10g006520.1.1,Nitab10g006550.1.1,Nitab10g009780.1.1,Nitab10g012070.1.1,Nitab10g012530.1.1,Nitab10g013110.1.1,Nitab10g015450.1.1,Nitab10g020420.1.1,Nitab10g021000.1.1,Nitab10g022850.1.1,Nitab10g023670.1.1,Nitab11g012970.1.1,Nitab11g014440.1.1,Nitab11g017410.1.1,Nitab11g019740.1.1,Nitab11g021140.1.1,Nitab11g025710.1.1,Nitab11g025730.1.1,Nitab11g026560.1.1,Nitab11g026570.1.1,Nitab11g026680.1.1,Nitab12g021010.1.1,Nitab12g025120.1.1,Nitab13g005350.1.1,Nitab13g005540.1.1,Nitab13g005560.1.1,Nitab13g007200.1.1,Nitab13g011260.1.1,Nitab13g012780.1.1,Nitab13g016130.1.1,Nitab13g019860.1.1,Nitab13g021360.1.1,Nitab13g021490.1.1,Nitab13g026240.1.1,Nitab14g015780.1.1,Nitab14g016750.1.1,Nitab14g016870.1.1,Nitab15g014310.1.1,Nitab15g021100.1.1,Nitab15g023800.1.1,Nitab15g023810.1.1,Nitab15g023820.1.1,Nitab16g014580.1.1,Nitab16g019320.1.1,Nitab16g023830.1.1,Nitab17g005360.1.1,Nitab17g009380.1.1,Nitab17g014040.1.1,Nitab17g016640.1.1,Nitab17g017550.1.1,Nitab17g021420.1.1,Nitab17g023700.1.1,Nitab17g025500.1.1,Nitab17g028370.1.1,Nitab17g031710.1.1,Nitab17g032500.1.1,Nitab17g033230.1.1,Nitab18g015420.1.1,Nitab18g019280.1.1,Nitab18g024610.1.1,Nitab19g011060.1.1,Nitab19g012530.1.1,Nitab19g015570.1.1,Nitab19g015660.1.1,Nitab19g026920.1.1,Nitab19g034950.1.1,Nitab19g036680.1.1,Nitab19g039060.1.1,Nitab20g008730.1.1,Nitab20g008940.1.1,Nitab20g015150.1.1,Nitab20g019020.1.1,Nitab20g021120.1.1,Nitab21g013420.1.1,Nitab21g016180.1.1,Nitab21g017720.1.1,Nitab22g009260.1.1,Nitab22g011880.1.1,Nitab22g020480.1.1,Nitab22g023600.1.1,Nitab22g024750.1.1,Nitab22g025790.1.1,Nitab22g027230.1.1,Nitab23g006970.1.1,Nitab23g007530.1.1,Nitab23g015160.1.1,Nitab23g015180.1.1,Nitab23g017540.1.1,Nitab23g017560.1.1,Nitab23g023440.1.1,Nitab23g023620.1.1,Nitab24g008980.1.1,Nitab24g010800.1.1,Nitab24g012970.1.1,Nitab24g021580.1.1,Nitab24g021830.1.1"
29,WRC,33,"Nitab01g005060.1.1,Nitab02g005650.1.1,Nitab03g020140.1.1,Nitab03g022760.1.1,Nitab03g027270.1.1,Nitab03g029570.1.1,Nitab04g019760.1.1,Nitab04g020410.1.1,Nitab05g017010.1.1,Nitab05g019540.1.1,Nitab07g011250.1.1,Nitab0Sg021240.1.1,Nitab0Ug023940.1.1,Nitab0Ug024600.1.1,Nitab10g005770.1.1,Nitab12g020210.1.1,Nitab13g013240.1.1,Nitab13g017170.1.1,Nitab15g013990.1.1,Nitab15g022260.1.1,Nitab16g022420.1.1,Nitab17g024570.1.1,Nitab17g027830.1.1,Nitab17g030350.1.1,Nitab17g030830.1.1,Nitab17g033440.1.1,Nitab17g035890.1.1,Nitab19g025540.1.1,Nitab20g015560.1.1,Nitab23g005550.1.1,Nitab23g020450.1.1,Nitab24g006690.1.1,Nitab24g009850.1.1"
30,LAG1-DNAbind,2,"Nitab18g025790.1.1,Nitab22g015390.1.1"
31,BES1_N,22,"Nitab02g019110.1.1,Nitab03g008890.1.1,Nitab03g010850.1.1,Nitab03g023670.1.1,Nitab05g024580.1.1,Nitab07g012310.1.1,Nitab0Ug016160.1.1,Nitab0Ug018890.1.1,Nitab10g018840.1.1,Nitab14g020680.1.1,Nitab15g021680.1.1,Nitab16g025090.1.1,Nitab16g025260.1.1,Nitab17g014880.1.1,Nitab17g022240.1.1,Nitab17g032710.1.1,Nitab17g037960.1.1,Nitab19g026310.1.1,Nitab20g016710.1.1,Nitab21g006600.1.1,Nitab24g012650.1.1,Nitab24g012660.1.1"
32,TBP,3,"Nitab04g027950.1.1,Nitab06g008390.1.1,Nitab22g033350.1.1"
33,LOB,75,"Nitab01g019330.1.1,Nitab03g005680.1.1,Nitab03g006370.1.1,Nitab03g009770.1.1,Nitab03g010230.1.1,Nitab03g011820.1.1,Nitab03g013150.1.1,Nitab03g015390.1.1,Nitab03g016130.1.1,Nitab03g021450.1.1,Nitab03g025650.1.1,Nitab03g034360.1.1,Nitab04g009540.1.1,Nitab04g014630.1.1,Nitab04g024900.1.1,Nitab04g025370.1.1,Nitab04g031810.1.1,Nitab06g006450.1.1,Nitab06g013160.1.1,Nitab06g013660.1.1,Nitab06g025240.1.1,Nitab06g030430.1.1,Nitab07g011160.1.1,Nitab07g016200.1.1,Nitab08g006170.1.1,Nitab08g008900.1.1,Nitab08g017940.1.1,Nitab09g021970.1.1,Nitab09g021980.1.1,Nitab0Sg005820.1.1,Nitab0Sg013520.1.1,Nitab0Sg013530.1.1,Nitab0Sg015940.1.1,Nitab0Ug018810.1.1,Nitab11g008740.1.1,Nitab11g008900.1.1,Nitab11g014950.1.1,Nitab11g014970.1.1,Nitab11g020880.1.1,Nitab13g011550.1.1,Nitab13g015200.1.1,Nitab13g018820.1.1,Nitab13g024490.1.1,Nitab13g026740.1.1,Nitab15g007630.1.1,Nitab15g008260.1.1,Nitab16g023290.1.1,Nitab16g023300.1.1,Nitab17g010540.1.1,Nitab17g011790.1.1,Nitab17g013780.1.1,Nitab17g014180.1.1,Nitab17g024140.1.1,Nitab17g026650.1.1,Nitab17g032210.1.1,Nitab17g034590.1.1,Nitab17g038360.1.1,Nitab18g006180.1.1,Nitab18g006260.1.1,Nitab18g007910.1.1,Nitab18g010160.1.1,Nitab19g012350.1.1,Nitab19g023740.1.1,Nitab19g025410.1.1,Nitab19g029360.1.1,Nitab20g006730.1.1,Nitab22g006310.1.1,Nitab22g007320.1.1,Nitab22g007600.1.1,Nitab22g007760.1.1,Nitab22g017290.1.1,Nitab22g018890.1.1,Nitab22g027120.1.1,Nitab22g027130.1.1,Nitab24g024050.1.1"
34,HMG_box,52,"Nitab01g006520.1.1,Nitab01g009600.1.1,Nitab02g006700.1.1,Nitab02g010520.1.1,Nitab02g014500.1.1,Nitab02g024120.1.1,Nitab03g010290.1.1,Nitab03g031640.1.1,Nitab03g033140.1.1,Nitab04g024870.1.1,Nitab06g013620.1.1,Nitab06g031420.1.1,Nitab07g010790.1.1,Nitab07g030190.1.1,Nitab08g018370.1.1,Nitab08g029070.1.1,Nitab09g008750.1.1,Nitab09g016530.1.1,Nitab0Sg007300.1.1,Nitab0Sg016630.1.1,Nitab0Sg019190.1.1,Nitab0Sg022970.1.1,Nitab0Sg023190.1.1,Nitab0Tg008050.1.1,Nitab0Tg009760.1.1,Nitab10g015050.1.1,Nitab10g022090.1.1,Nitab12g007280.1.1,Nitab14g007500.1.1,Nitab14g018820.1.1,Nitab16g010130.1.1,Nitab17g007610.1.1,Nitab17g008130.1.1,Nitab17g013650.1.1,Nitab17g018060.1.1,Nitab17g036110.1.1,Nitab18g013290.1.1,Nitab18g014770.1.1,Nitab18g022530.1.1,Nitab19g022310.1.1,Nitab19g031900.1.1,Nitab19g034900.1.1,Nitab20g011820.1.1,Nitab21g008660.1.1,Nitab21g009990.1.1,Nitab21g013120.1.1,Nitab21g020390.1.1,Nitab22g017400.1.1,Nitab22g018200.1.1,Nitab23g007000.1.1,Nitab23g010450.1.1,Nitab24g022360.1.1"
35,MATalpha_HMGbox,1,Nitab01g012690.1.1
36,HSF_DNA-bind,52,"Nitab01g008680.1.1,Nitab01g013610.1.1,Nitab01g017070.1.1,Nitab02g005880.1.1,Nitab02g020640.1.1,Nitab02g028200.1.1,Nitab03g013540.1.1,Nitab03g023650.1.1,Nitab03g023690.1.1,Nitab03g026560.1.1,Nitab03g027760.1.1,Nitab04g018660.1.1,Nitab04g021980.1.1,Nitab04g023780.1.1,Nitab05g020040.1.1,Nitab05g025940.1.1,Nitab06g017110.1.1,Nitab06g020380.1.1,Nitab07g025140.1.1,Nitab08g014650.1.1,Nitab08g021640.1.1,Nitab08g028070.1.1,Nitab09g021180.1.1,Nitab0Sg013920.1.1,Nitab10g005950.1.1,Nitab10g019460.1.1,Nitab10g026250.1.1,Nitab13g024460.1.1,Nitab14g013240.1.1,Nitab14g020160.1.1,Nitab14g020690.1.1,Nitab15g007080.1.1,Nitab15g014670.1.1,Nitab15g021860.1.1,Nitab16g005990.1.1,Nitab16g024030.1.1,Nitab17g023300.1.1,Nitab17g030450.1.1,Nitab17g031180.1.1,Nitab17g032720.1.1,Nitab17g032740.1.1,Nitab18g009260.1.1,Nitab19g012870.1.1,Nitab20g023420.1.1,Nitab21g006610.1.1,Nitab21g007450.1.1,Nitab21g011000.1.1,Nitab22g015690.1.1,Nitab22g027520.1.1,Nitab23g009150.1.1,Nitab23g021020.1.1,Nitab23g028790.1.1"
37,Whirly,9,"Nitab04g029610.1.1,Nitab06g011630.1.1,Nitab0Sg025910.1.1,Nitab0Tg009380.1.1,Nitab0Ug005720.1.1,Nitab0Ug005750.1.1,Nitab13g011150.1.1,Nitab19g034310.1.1,Nitab24g020160.1.1"
38,SART-1,4,"Nitab10g014190.1.1,Nitab11g008750.1.1,Nitab11g009300.1.1,Nitab19g030570.1.1"
39,HLH,304,"Nitab01g005330.1.1,Nitab01g013270.1.1,Nitab01g013430.1.1,Nitab01g015190.1.1,Nitab01g016800.1.1,Nitab01g017540.1.1,Nitab01g020470.1.1,Nitab01g023880.1.1,Nitab01g023930.1.1,Nitab01g025100.1.1,Nitab01g025880.1.1,Nitab01g025960.1.1,Nitab02g011100.1.1,Nitab02g017160.1.1,Nitab02g017510.1.1,Nitab02g019190.1.1,Nitab02g021280.1.1,Nitab02g021690.1.1,Nitab02g023740.1.1,Nitab02g023840.1.1,Nitab02g026570.1.1,Nitab02g028230.1.1,Nitab03g006700.1.1,Nitab03g009290.1.1,Nitab03g011290.1.1,Nitab03g013820.1.1,Nitab03g014280.1.1,Nitab03g014400.1.1,Nitab03g015480.1.1,Nitab03g015490.1.1,Nitab03g015500.1.1,Nitab03g017830.1.1,Nitab03g024370.1.1,Nitab03g025190.1.1,Nitab03g031530.1.1,Nitab03g033320.1.1,Nitab04g008390.1.1,Nitab04g009630.1.1,Nitab04g011840.1.1,Nitab04g011990.1.1,Nitab04g012610.1.1,Nitab04g013140.1.1,Nitab04g013650.1.1,Nitab04g013660.1.1,Nitab04g014480.1.1,Nitab04g014950.1.1,Nitab04g014990.1.1,Nitab04g017330.1.1,Nitab04g025470.1.1,Nitab04g027380.1.1,Nitab04g028560.1.1,Nitab04g029040.1.1,Nitab04g030860.1.1,Nitab04g030930.1.1,Nitab05g012760.1.1,Nitab05g016130.1.1,Nitab05g018920.1.1,Nitab05g020220.1.1,Nitab05g020240.1.1,Nitab05g020850.1.1,Nitab05g021460.1.1,Nitab05g026100.1.1,Nitab05g027990.1.1,Nitab06g007120.1.1,Nitab06g007190.1.1,Nitab06g009620.1.1,Nitab06g010990.1.1,Nitab06g016310.1.1,Nitab06g016320.1.1,Nitab06g018590.1.1,Nitab06g021360.1.1,Nitab06g024600.1.1,Nitab06g025450.1.1,Nitab06g029480.1.1,Nitab06g031550.1.1,Nitab06g033360.1.1,Nitab06g034130.1.1,Nitab06g034860.1.1,Nitab07g005710.1.1,Nitab07g006760.1.1,Nitab07g009000.1.1,Nitab07g010270.1.1,Nitab07g017490.1.1,Nitab07g019280.1.1,Nitab07g022520.1.1,Nitab07g022540.1.1,Nitab07g024130.1.1,Nitab07g024140.1.1,Nitab07g031120.1.1,Nitab07g031660.1.1,Nitab07g031970.1.1,Nitab07g032050.1.1,Nitab07g032410.1.1,Nitab07g033250.1.1,Nitab08g005270.1.1,Nitab08g005280.1.1,Nitab08g006350.1.1,Nitab08g007880.1.1,Nitab08g008220.1.1,Nitab08g008590.1.1,Nitab08g009240.1.1,Nitab08g009620.1.1,Nitab08g010200.1.1,Nitab08g015010.1.1,Nitab08g016170.1.1,Nitab09g007280.1.1,Nitab09g012270.1.1,Nitab09g012620.1.1,Nitab09g013190.1.1,Nitab09g013200.1.1,Nitab09g013250.1.1,Nitab09g013370.1.1,Nitab09g015080.1.1,Nitab09g021920.1.1,Nitab0Sg005060.1.1,Nitab0Sg011480.1.1,Nitab0Sg019380.1.1,Nitab0Sg020760.1.1,Nitab0Sg021710.1.1,Nitab0Tg005100.1.1,Nitab0Tg005980.1.1,Nitab0Tg007100.1.1,Nitab0Tg008170.1.1,Nitab0Ug005170.1.1,Nitab0Ug007880.1.1,Nitab0Ug009700.1.1,Nitab0Ug016420.1.1,Nitab0Ug017860.1.1,Nitab0Ug020480.1.1,Nitab0Ug021490.1.1,Nitab0Ug023650.1.1,Nitab0Ug025510.1.1,Nitab0Ug025520.1.1,Nitab10g017060.1.1,Nitab10g017290.1.1,Nitab10g018900.1.1,Nitab10g024770.1.1,Nitab10g026280.1.1,Nitab11g006540.1.1,Nitab11g017030.1.1,Nitab11g021090.1.1,Nitab11g021120.1.1,Nitab11g025940.1.1,Nitab11g026540.1.1,Nitab12g005520.1.1,Nitab12g005670.1.1,Nitab12g006890.1.1,Nitab12g009160.1.1,Nitab12g009610.1.1,Nitab12g009940.1.1,Nitab12g010260.1.1,Nitab12g010320.1.1,Nitab12g010750.1.1,Nitab12g010980.1.1,Nitab12g018500.1.1,Nitab12g018670.1.1,Nitab12g018860.1.1,Nitab12g019590.1.1,Nitab12g020600.1.1,Nitab12g021140.1.1,Nitab12g021200.1.1,Nitab12g023110.1.1,Nitab12g023810.1.1,Nitab13g005720.1.1,Nitab13g006580.1.1,Nitab13g011300.1.1,Nitab13g015550.1.1,Nitab13g025100.1.1,Nitab14g005270.1.1,Nitab14g006030.1.1,Nitab14g006080.1.1,Nitab14g007730.1.1,Nitab14g008110.1.1,Nitab14g008200.1.1,Nitab14g008550.1.1,Nitab14g011190.1.1,Nitab14g015950.1.1,Nitab14g018130.1.1,Nitab14g019720.1.1,Nitab15g006030.1.1,Nitab15g006850.1.1,Nitab15g008790.1.1,Nitab15g012620.1.1,Nitab15g012810.1.1,Nitab15g013110.1.1,Nitab15g017180.1.1,Nitab15g017840.1.1,Nitab15g017850.1.1,Nitab15g022050.1.1,Nitab15g024170.1.1,Nitab16g007110.1.1,Nitab16g012150.1.1,Nitab16g013260.1.1,Nitab16g013440.1.1,Nitab16g014070.1.1,Nitab16g020620.1.1,Nitab16g021590.1.1,Nitab16g022360.1.1,Nitab16g022740.1.1,Nitab16g023260.1.1,Nitab16g023980.1.1,Nitab16g026260.1.1,Nitab17g005410.1.1,Nitab17g007730.1.1,Nitab17g009900.1.1,Nitab17g012850.1.1,Nitab17g014480.1.1,Nitab17g015100.1.1,Nitab17g018340.1.1,Nitab17g021460.1.1,Nitab17g021690.1.1,Nitab17g023530.1.1,Nitab17g024760.1.1,Nitab17g024890.1.1,Nitab17g029050.1.1,Nitab17g029330.1.1,Nitab17g029450.1.1,Nitab17g029480.1.1,Nitab17g029910.1.1,Nitab17g029940.1.1,Nitab17g038960.1.1,Nitab17g039750.1.1,Nitab18g006320.1.1,Nitab18g012440.1.1,Nitab18g017860.1.1,Nitab18g017960.1.1,Nitab18g017970.1.1,Nitab18g019930.1.1,Nitab18g020350.1.1,Nitab18g024340.1.1,Nitab19g009570.1.1,Nitab19g011200.1.1,Nitab19g012330.1.1,Nitab19g012690.1.1,Nitab19g013500.1.1,Nitab19g013610.1.1,Nitab19g017700.1.1,Nitab19g018910.1.1,Nitab19g020790.1.1,Nitab19g023650.1.1,Nitab19g023680.1.1,Nitab19g026520.1.1,Nitab19g027350.1.1,Nitab19g027800.1.1,Nitab19g032530.1.1,Nitab19g035890.1.1,Nitab19g037490.1.1,Nitab19g037500.1.1,Nitab19g038690.1.1,Nitab20g006500.1.1,Nitab20g007090.1.1,Nitab20g007370.1.1,Nitab20g009810.1.1,Nitab20g011790.1.1,Nitab20g014030.1.1,Nitab20g014050.1.1,Nitab20g015330.1.1,Nitab20g017350.1.1,Nitab20g017620.1.1,Nitab20g017980.1.1,Nitab20g021840.1.1,Nitab20g023620.1.1,Nitab20g025190.1.1,Nitab21g005010.1.1,Nitab21g007940.1.1,Nitab21g018670.1.1,Nitab21g020810.1.1,Nitab22g006260.1.1,Nitab22g008050.1.1,Nitab22g008380.1.1,Nitab22g008830.1.1,Nitab22g011990.1.1,Nitab22g013080.1.1,Nitab22g014040.1.1,Nitab22g014270.1.1,Nitab22g020350.1.1,Nitab22g022690.1.1,Nitab22g025340.1.1,Nitab22g027040.1.1,Nitab22g027370.1.1,Nitab22g030480.1.1,Nitab22g031400.1.1,Nitab23g005620.1.1,Nitab23g008040.1.1,Nitab23g015280.1.1,Nitab23g019720.1.1,Nitab23g021530.1.1,Nitab23g021970.1.1,Nitab23g022010.1.1,Nitab23g022780.1.1,Nitab23g023910.1.1,Nitab23g023950.1.1,Nitab23g026180.1.1,Nitab24g005000.1.1,Nitab24g005010.1.1,Nitab24g005610.1.1,Nitab24g005630.1.1,Nitab24g007220.1.1,Nitab24g007490.1.1,Nitab24g015460.1.1,Nitab24g017750.1.1,Nitab24g020330.1.1,Nitab24g022830.1.1,Nitab24g023540.1.1"
40,CBFB_NFYA,27,"Nitab01g013200.1.1,Nitab02g027850.1.1,Nitab03g021950.1.1,Nitab04g019590.1.1,Nitab05g020150.1.1,Nitab08g027180.1.1,Nitab09g005210.1.1,Nitab0Sg009770.1.1,Nitab0Sg012520.1.1,Nitab0Sg014870.1.1,Nitab15g010220.1.1,Nitab17g011650.1.1,Nitab17g018740.1.1,Nitab17g034200.1.1,Nitab18g008790.1.1,Nitab19g007350.1.1,Nitab19g010070.1.1,Nitab19g038870.1.1,Nitab20g021010.1.1,Nitab21g006910.1.1,Nitab21g018560.1.1,Nitab22g012180.1.1,Nitab22g025630.1.1,Nitab22g032010.1.1,Nitab22g034530.1.1,Nitab23g015020.1.1,Nitab24g010500.1.1"
41,zf-NF-X1,4,"Nitab04g025710.1.1,Nitab04g025720.1.1,Nitab06g014490.1.1,Nitab0Sg018550.1.1"
42,PLATZ,31,"Nitab02g025180.1.1,Nitab03g020610.1.1,Nitab04g006930.1.1,Nitab05g010330.1.1,Nitab05g026040.1.1,Nitab05g026880.1.1,Nitab06g026960.1.1,Nitab06g034230.1.1,Nitab07g010780.1.1,Nitab07g028610.1.1,Nitab08g012360.1.1,Nitab08g029660.1.1,Nitab09g007980.1.1,Nitab0Ug005370.1.1,Nitab10g023500.1.1,Nitab11g024060.1.1,Nitab12g008260.1.1,Nitab12g017410.1.1,Nitab13g020300.1.1,Nitab15g021950.1.1,Nitab16g020000.1.1,Nitab16g026510.1.1,Nitab17g035440.1.1,Nitab18g023490.1.1,Nitab19g022300.1.1,Nitab20g018260.1.1,Nitab21g021090.1.1,Nitab22g010730.1.1,Nitab23g020860.1.1,Nitab23g026770.1.1,Nitab24g011210.1.1"
43,DM,7,"Nitab02g027980.1.1,Nitab10g007650.1.1,Nitab10g026080.1.1,Nitab11g015640.1.1,Nitab13g018300.1.1,Nitab21g009990.1.1,Nitab23g027330.1.1"
44,CSD,15,"Nitab01g020950.1.1,Nitab03g031340.1.1,Nitab04g006270.1.1,Nitab04g030600.1.1,Nitab05g024130.1.1,Nitab05g024200.1.1,Nitab06g007450.1.1,Nitab06g027290.1.1,Nitab07g006620.1.1,Nitab13g018950.1.1,Nitab15g021130.1.1,Nitab15g021210.1.1,Nitab19g018770.1.1,Nitab24g013480.1.1,Nitab24g013770.1.1"
45,GTF2I,1,Nitab20g015710.1.1
46,Myb_DNA-binding,619,"Nitab01g007270.1.1,Nitab01g007540.1.1,Nitab01g007990.1.1,Nitab01g008640.1.1,Nitab01g009460.1.1,Nitab01g010480.1.1,Nitab01g010530.1.1,Nitab01g011240.1.1,Nitab01g011680.1.1,Nitab01g014050.1.1,Nitab01g014430.1.1,Nitab01g017110.1.1,Nitab01g018860.1.1,Nitab01g022510.1.1,Nitab01g023390.1.1,Nitab01g023590.1.1,Nitab01g024020.1.1,Nitab01g024130.1.1,Nitab01g024720.1.1,Nitab01g025240.1.1,Nitab01g025430.1.1,Nitab01g025470.1.1,Nitab01g025640.1.1,Nitab02g005580.1.1,Nitab02g006120.1.1,Nitab02g006810.1.1,Nitab02g007020.1.1,Nitab02g007170.1.1,Nitab02g007280.1.1,Nitab02g009060.1.1,Nitab02g009090.1.1,Nitab02g009810.1.1,Nitab02g010400.1.1,Nitab02g010670.1.1,Nitab02g012050.1.1,Nitab02g012230.1.1,Nitab02g013460.1.1,Nitab02g014610.1.1,Nitab02g019780.1.1,Nitab02g019930.1.1,Nitab02g021110.1.1,Nitab02g022020.1.1,Nitab02g023340.1.1,Nitab02g023400.1.1,Nitab02g023420.1.1,Nitab02g023970.1.1,Nitab02g024230.1.1,Nitab02g024680.1.1,Nitab02g025630.1.1,Nitab02g026350.1.1,Nitab02g028120.1.1,Nitab02g028450.1.1,Nitab03g005170.1.1,Nitab03g005960.1.1,Nitab03g007370.1.1,Nitab03g009500.1.1,Nitab03g011340.1.1,Nitab03g011750.1.1,Nitab03g012500.1.1,Nitab03g012790.1.1,Nitab03g013140.1.1,Nitab03g015770.1.1,Nitab03g016470.1.1,Nitab03g020120.1.1,Nitab03g020130.1.1,Nitab03g024300.1.1,Nitab03g024340.1.1,Nitab03g025330.1.1,Nitab03g027300.1.1,Nitab03g027510.1.1,Nitab03g027880.1.1,Nitab03g028760.1.1,Nitab03g028880.1.1,Nitab03g029340.1.1,Nitab03g030180.1.1,Nitab03g030620.1.1,Nitab03g031130.1.1,Nitab03g031440.1.1,Nitab03g033410.1.1,Nitab03g033570.1.1,Nitab03g034120.1.1,Nitab03g034980.1.1,Nitab03g035120.1.1,Nitab04g006190.1.1,Nitab04g006490.1.1,Nitab04g006620.1.1,Nitab04g009290.1.1,Nitab04g009650.1.1,Nitab04g009980.1.1,Nitab04g012170.1.1,Nitab04g014410.1.1,Nitab04g014500.1.1,Nitab04g015150.1.1,Nitab04g015920.1.1,Nitab04g016440.1.1,Nitab04g017070.1.1,Nitab04g017770.1.1,Nitab04g018620.1.1,Nitab04g021860.1.1,Nitab04g024020.1.1,Nitab04g024040.1.1,Nitab04g024060.1.1,Nitab04g024070.1.1,Nitab04g024080.1.1,Nitab04g025440.1.1,Nitab04g025450.1.1,Nitab04g026180.1.1,Nitab04g026360.1.1,Nitab04g026970.1.1,Nitab04g028410.1.1,Nitab04g029110.1.1,Nitab04g030520.1.1,Nitab04g030540.1.1,Nitab04g030580.1.1,Nitab04g033000.1.1,Nitab04g033170.1.1,Nitab05g006390.1.1,Nitab05g007800.1.1,Nitab05g008980.1.1,Nitab05g009320.1.1,Nitab05g009620.1.1,Nitab05g010510.1.1,Nitab05g010880.1.1,Nitab05g012390.1.1,Nitab05g014300.1.1,Nitab05g014370.1.1,Nitab05g014390.1.1,Nitab05g015210.1.1,Nitab05g017070.1.1,Nitab05g017170.1.1,Nitab05g018280.1.1,Nitab05g018530.1.1,Nitab05g019010.1.1,Nitab05g019310.1.1,Nitab05g019490.1.1,Nitab05g020300.1.1,Nitab05g024880.1.1,Nitab05g025770.1.1,Nitab05g025840.1.1,Nitab05g025990.1.1,Nitab05g026490.1.1,Nitab05g026690.1.1,Nitab05g026700.1.1,Nitab05g027870.1.1,Nitab06g005300.1.1,Nitab06g005470.1.1,Nitab06g007470.1.1,Nitab06g007520.1.1,Nitab06g007540.1.1,Nitab06g008860.1.1,Nitab06g009520.1.1,Nitab06g010270.1.1,Nitab06g010280.1.1,Nitab06g010480.1.1,Nitab06g010870.1.1,Nitab06g011200.1.1,Nitab06g011220.1.1,Nitab06g012220.1.1,Nitab06g013240.1.1,Nitab06g014960.1.1,Nitab06g014970.1.1,Nitab06g016950.1.1,Nitab06g020420.1.1,Nitab06g020790.1.1,Nitab06g021870.1.1,Nitab06g021950.1.1,Nitab06g022450.1.1,Nitab06g023900.1.1,Nitab06g024410.1.1,Nitab06g024800.1.1,Nitab06g025430.1.1,Nitab06g025510.1.1,Nitab06g027390.1.1,Nitab06g027560.1.1,Nitab06g027680.1.1,Nitab06g030230.1.1,Nitab06g030850.1.1,Nitab06g030860.1.1,Nitab06g031020.1.1,Nitab06g031610.1.1,Nitab06g033560.1.1,Nitab07g005750.1.1,Nitab07g005780.1.1,Nitab07g006000.1.1,Nitab07g006410.1.1,Nitab07g008230.1.1,Nitab07g009800.1.1,Nitab07g011610.1.1,Nitab07g012110.1.1,Nitab07g013410.1.1,Nitab07g013450.1.1,Nitab07g014750.1.1,Nitab07g014980.1.1,Nitab07g019350.1.1,Nitab07g021630.1.1,Nitab07g023110.1.1,Nitab07g023860.1.1,Nitab07g028150.1.1,Nitab07g029730.1.1,Nitab07g030790.1.1,Nitab07g032640.1.1,Nitab08g008360.1.1,Nitab08g008630.1.1,Nitab08g009300.1.1,Nitab08g009330.1.1,Nitab08g010090.1.1,Nitab08g011180.1.1,Nitab08g011200.1.1,Nitab08g011710.1.1,Nitab08g012030.1.1,Nitab08g012290.1.1,Nitab08g012670.1.1,Nitab08g013980.1.1,Nitab08g014340.1.1,Nitab08g015050.1.1,Nitab08g015470.1.1,Nitab08g015740.1.1,Nitab08g015790.1.1,Nitab08g016240.1.1,Nitab08g016740.1.1,Nitab08g016770.1.1,Nitab08g017190.1.1,Nitab08g017410.1.1,Nitab08g018630.1.1,Nitab08g020560.1.1,Nitab08g020780.1.1,Nitab08g022660.1.1,Nitab08g025750.1.1,Nitab08g025980.1.1,Nitab08g026200.1.1,Nitab08g027290.1.1,Nitab08g027440.1.1,Nitab08g028680.1.1,Nitab08g029580.1.1,Nitab09g005350.1.1,Nitab09g007390.1.1,Nitab09g008560.1.1,Nitab09g011140.1.1,Nitab09g013210.1.1,Nitab09g013410.1.1,Nitab09g014470.1.1,Nitab09g015490.1.1,Nitab09g015870.1.1,Nitab09g016080.1.1,Nitab09g018170.1.1,Nitab09g018290.1.1,Nitab09g019090.1.1,Nitab09g020050.1.1,Nitab09g020880.1.1,Nitab0Sg005710.1.1,Nitab0Sg006020.1.1,Nitab0Sg006680.1.1,Nitab0Sg008950.1.1,Nitab0Sg016790.1.1,Nitab0Sg017500.1.1,Nitab0Sg021700.1.1,Nitab0Sg024870.1.1,Nitab0Sg026140.1.1,Nitab0Tg007470.1.1,Nitab0Ug006680.1.1,Nitab0Ug009090.1.1,Nitab0Ug013240.1.1,Nitab0Ug013840.1.1,Nitab0Ug018970.1.1,Nitab0Ug019540.1.1,Nitab0Ug019900.1.1,Nitab0Ug020380.1.1,Nitab0Ug020500.1.1,Nitab0Ug021660.1.1,Nitab0Ug022410.1.1,Nitab0Ug026780.1.1,Nitab0Ug027790.1.1,Nitab10g005640.1.1,Nitab10g006220.1.1,Nitab10g007070.1.1,Nitab10g007270.1.1,Nitab10g007390.1.1,Nitab10g007450.1.1,Nitab10g009630.1.1,Nitab10g009670.1.1,Nitab10g010390.1.1,Nitab10g010750.1.1,Nitab10g011450.1.1,Nitab10g011830.1.1,Nitab10g012810.1.1,Nitab10g013330.1.1,Nitab10g014020.1.1,Nitab10g015080.1.1,Nitab10g019640.1.1,Nitab10g020020.1.1,Nitab10g021860.1.1,Nitab10g021960.1.1,Nitab10g021970.1.1,Nitab10g022000.1.1,Nitab10g022020.1.1,Nitab10g022690.1.1,Nitab10g022980.1.1,Nitab10g023010.1.1,Nitab10g023800.1.1,Nitab10g024520.1.1,Nitab10g026220.1.1,Nitab10g026570.1.1,Nitab11g005240.1.1,Nitab11g007150.1.1,Nitab11g008240.1.1,Nitab11g010960.1.1,Nitab11g011660.1.1,Nitab11g012820.1.1,Nitab11g013270.1.1,Nitab11g013770.1.1,Nitab11g014900.1.1,Nitab11g016870.1.1,Nitab11g017330.1.1,Nitab11g017930.1.1,Nitab11g020860.1.1,Nitab11g021720.1.1,Nitab11g021910.1.1,Nitab11g022670.1.1,Nitab11g022690.1.1,Nitab11g022830.1.1,Nitab11g023010.1.1,Nitab11g023310.1.1,Nitab11g023890.1.1,Nitab11g025020.1.1,Nitab11g025340.1.1,Nitab11g025470.1.1,Nitab11g026760.1.1,Nitab11g026790.1.1,Nitab12g006180.1.1,Nitab12g006410.1.1,Nitab12g006740.1.1,Nitab12g007810.1.1,Nitab12g009600.1.1,Nitab12g010650.1.1,Nitab12g011040.1.1,Nitab12g012330.1.1,Nitab12g015010.1.1,Nitab12g015900.1.1,Nitab12g017900.1.1,Nitab12g019150.1.1,Nitab12g020060.1.1,Nitab12g020890.1.1,Nitab12g021760.1.1,Nitab12g022140.1.1,Nitab12g023910.1.1,Nitab12g025360.1.1,Nitab13g005160.1.1,Nitab13g005220.1.1,Nitab13g006850.1.1,Nitab13g007050.1.1,Nitab13g007740.1.1,Nitab13g008760.1.1,Nitab13g009430.1.1,Nitab13g009690.1.1,Nitab13g009840.1.1,Nitab13g009870.1.1,Nitab13g009880.1.1,Nitab13g010550.1.1,Nitab13g010740.1.1,Nitab13g011530.1.1,Nitab13g014320.1.1,Nitab13g015020.1.1,Nitab13g015320.1.1,Nitab13g015790.1.1,Nitab13g018110.1.1,Nitab13g018870.1.1,Nitab13g019300.1.1,Nitab13g019880.1.1,Nitab13g022370.1.1,Nitab13g023050.1.1,Nitab13g025270.1.1,Nitab13g025770.1.1,Nitab14g007630.1.1,Nitab14g008730.1.1,Nitab14g009690.1.1,Nitab14g011340.1.1,Nitab14g012460.1.1,Nitab14g014620.1.1,Nitab14g015130.1.1,Nitab14g015540.1.1,Nitab14g017540.1.1,Nitab14g020490.1.1,Nitab14g021370.1.1,Nitab14g021790.1.1,Nitab15g006100.1.1,Nitab15g006240.1.1,Nitab15g006250.1.1,Nitab15g007240.1.1,Nitab15g007670.1.1,Nitab15g008160.1.1,Nitab15g008640.1.1,Nitab15g009670.1.1,Nitab15g010030.1.1,Nitab15g010240.1.1,Nitab15g011170.1.1,Nitab15g011680.1.1,Nitab15g012970.1.1,Nitab15g013240.1.1,Nitab15g014140.1.1,Nitab15g015850.1.1,Nitab15g016500.1.1,Nitab15g016530.1.1,Nitab15g017770.1.1,Nitab15g019160.1.1,Nitab15g021500.1.1,Nitab15g021570.1.1,Nitab15g021930.1.1,Nitab15g022770.1.1,Nitab15g022910.1.1,Nitab15g022930.1.1,Nitab15g022940.1.1,Nitab15g024000.1.1,Nitab16g006350.1.1,Nitab16g006870.1.1,Nitab16g008000.1.1,Nitab16g008610.1.1,Nitab16g008890.1.1,Nitab16g010070.1.1,Nitab16g010710.1.1,Nitab16g011170.1.1,Nitab16g012140.1.1,Nitab16g013540.1.1,Nitab16g014120.1.1,Nitab16g014480.1.1,Nitab16g014970.1.1,Nitab16g017160.1.1,Nitab16g020160.1.1,Nitab16g021100.1.1,Nitab16g022570.1.1,Nitab16g023710.1.1,Nitab16g024560.1.1,Nitab16g024730.1.1,Nitab16g026410.1.1,Nitab17g005950.1.1,Nitab17g007550.1.1,Nitab17g008620.1.1,Nitab17g008780.1.1,Nitab17g009670.1.1,Nitab17g010860.1.1,Nitab17g011210.1.1,Nitab17g011530.1.1,Nitab17g012270.1.1,Nitab17g012540.1.1,Nitab17g012810.1.1,Nitab17g014260.1.1,Nitab17g017150.1.1,Nitab17g018860.1.1,Nitab17g020100.1.1,Nitab17g020410.1.1,Nitab17g021130.1.1,Nitab17g022840.1.1,Nitab17g022870.1.1,Nitab17g023840.1.1,Nitab17g024390.1.1,Nitab17g024630.1.1,Nitab17g026860.1.1,Nitab17g030370.1.1,Nitab17g035880.1.1,Nitab17g037880.1.1,Nitab18g007030.1.1,Nitab18g008220.1.1,Nitab18g008690.1.1,Nitab18g010420.1.1,Nitab18g010810.1.1,Nitab18g011520.1.1,Nitab18g013640.1.1,Nitab18g013760.1.1,Nitab18g014170.1.1,Nitab18g014360.1.1,Nitab18g015360.1.1,Nitab18g016790.1.1,Nitab18g017800.1.1,Nitab18g017870.1.1,Nitab18g019910.1.1,Nitab18g022360.1.1,Nitab18g025800.1.1,Nitab19g005130.1.1,Nitab19g006500.1.1,Nitab19g010730.1.1,Nitab19g011730.1.1,Nitab19g015280.1.1,Nitab19g015740.1.1,Nitab19g016410.1.1,Nitab19g016590.1.1,Nitab19g018620.1.1,Nitab19g019900.1.1,Nitab19g020570.1.1,Nitab19g023480.1.1,Nitab19g024040.1.1,Nitab19g024410.1.1,Nitab19g025870.1.1,Nitab19g027960.1.1,Nitab19g028170.1.1,Nitab19g032590.1.1,Nitab19g036190.1.1,Nitab19g036750.1.1,Nitab19g038460.1.1,Nitab19g039030.1.1,Nitab20g005400.1.1,Nitab20g005630.1.1,Nitab20g006490.1.1,Nitab20g007200.1.1,Nitab20g009250.1.1,Nitab20g009880.1.1,Nitab20g012960.1.1,Nitab20g013200.1.1,Nitab20g015350.1.1,Nitab20g017200.1.1,Nitab20g017490.1.1,Nitab20g017750.1.1,Nitab20g018780.1.1,Nitab20g020250.1.1,Nitab20g020500.1.1,Nitab20g021290.1.1,Nitab20g022050.1.1,Nitab20g022540.1.1,Nitab20g022910.1.1,Nitab20g023250.1.1,Nitab20g024110.1.1,Nitab20g024140.1.1,Nitab20g024390.1.1,Nitab21g005350.1.1,Nitab21g005890.1.1,Nitab21g007110.1.1,Nitab21g007840.1.1,Nitab21g011850.1.1,Nitab21g012390.1.1,Nitab21g012920.1.1,Nitab21g013630.1.1,Nitab21g016900.1.1,Nitab21g017290.1.1,Nitab21g017820.1.1,Nitab21g018800.1.1,Nitab21g019860.1.1,Nitab21g020710.1.1,Nitab22g006350.1.1,Nitab22g007190.1.1,Nitab22g007540.1.1,Nitab22g008090.1.1,Nitab22g010490.1.1,Nitab22g010960.1.1,Nitab22g011030.1.1,Nitab22g011980.1.1,Nitab22g012340.1.1,Nitab22g014650.1.1,Nitab22g015210.1.1,Nitab22g016480.1.1,Nitab22g017130.1.1,Nitab22g018460.1.1,Nitab22g019220.1.1,Nitab22g019800.1.1,Nitab22g019900.1.1,Nitab22g020320.1.1,Nitab22g020820.1.1,Nitab22g021250.1.1,Nitab22g021400.1.1,Nitab22g022460.1.1,Nitab22g023120.1.1,Nitab22g023530.1.1,Nitab22g023900.1.1,Nitab22g024170.1.1,Nitab22g025570.1.1,Nitab22g026290.1.1,Nitab22g026630.1.1,Nitab22g030800.1.1,Nitab22g035660.1.1,Nitab22g036770.1.1,Nitab23g005030.1.1,Nitab23g006040.1.1,Nitab23g007640.1.1,Nitab23g007830.1.1,Nitab23g008580.1.1,Nitab23g009080.1.1,Nitab23g010340.1.1,Nitab23g011260.1.1,Nitab23g012790.1.1,Nitab23g012860.1.1,Nitab23g018440.1.1,Nitab23g020750.1.1,Nitab23g020940.1.1,Nitab23g022330.1.1,Nitab23g022600.1.1,Nitab23g023340.1.1,Nitab23g023900.1.1,Nitab23g024290.1.1,Nitab23g024580.1.1,Nitab23g024670.1.1,Nitab23g025140.1.1,Nitab23g026320.1.1,Nitab23g026830.1.1,Nitab23g027360.1.1,Nitab23g027610.1.1,Nitab23g028200.1.1,Nitab24g006370.1.1,Nitab24g006610.1.1,Nitab24g007290.1.1,Nitab24g007350.1.1,Nitab24g007760.1.1,Nitab24g009400.1.1,Nitab24g010010.1.1,Nitab24g010910.1.1,Nitab24g011990.1.1,Nitab24g012270.1.1,Nitab24g012590.1.1,Nitab24g013710.1.1,Nitab24g016090.1.1,Nitab24g016990.1.1,Nitab24g017590.1.1,Nitab24g020250.1.1,Nitab24g020750.1.1,Nitab24g020840.1.1,Nitab24g020870.1.1,Nitab24g021050.1.1,Nitab24g021080.1.1,Nitab24g021240.1.1,Nitab24g021280.1.1,Nitab24g023660.1.1,Nitab24g024190.1.1,Nitab24g024950.1.1"
47,GCM,2,"Nitab08g020390.1.1,Nitab11g013340.1.1"
48,C_LFY_FLO,4,"Nitab06g031690.1.1,Nitab0Sg024250.1.1,Nitab17g007470.1.1,Nitab19g028570.1.1"
49,DUF573,44,"Nitab01g010870.1.1,Nitab02g006120.1.1,Nitab02g010060.1.1,Nitab02g023780.1.1,Nitab03g028630.1.1,Nitab05g005360.1.1,Nitab05g026490.1.1,Nitab06g035310.1.1,Nitab07g012090.1.1,Nitab07g014750.1.1,Nitab07g015940.1.1,Nitab07g023860.1.1,Nitab07g032940.1.1,Nitab08g014130.1.1,Nitab09g014820.1.1,Nitab0Sg018190.1.1,Nitab0Ug020100.1.1,Nitab10g005490.1.1,Nitab10g006220.1.1,Nitab10g022300.1.1,Nitab10g026090.1.1,Nitab12g008390.1.1,Nitab12g010900.1.1,Nitab12g018240.1.1,Nitab13g009170.1.1,Nitab14g014620.1.1,Nitab15g009670.1.1,Nitab15g022770.1.1,Nitab16g007010.1.1,Nitab16g014010.1.1,Nitab16g022500.1.1,Nitab17g006820.1.1,Nitab17g006860.1.1,Nitab17g015650.1.1,Nitab17g028630.1.1,Nitab18g011580.1.1,Nitab19g024070.1.1,Nitab19g027960.1.1,Nitab19g029110.1.1,Nitab19g036750.1.1,Nitab20g020500.1.1,Nitab22g023530.1.1,Nitab23g013300.1.1,Nitab24g020790.1.1"
50,GCR1_C,6,"Nitab03g010420.1.1,Nitab05g007030.1.1,Nitab08g025360.1.1,Nitab17g013480.1.1,Nitab17g029190.1.1,Nitab24g014500.1.1"
51,SAND,8,"Nitab02g017890.1.1,Nitab02g022960.1.1,Nitab04g019440.1.1,Nitab06g018880.1.1,Nitab09g018880.1.1,Nitab0Sg021290.1.1,Nitab10g017650.1.1,Nitab10g021620.1.1"
52,HPD,1,Nitab02g013490.1.1
53,ARID,19,"Nitab01g007540.1.1,Nitab01g008180.1.1,Nitab07g005290.1.1,Nitab07g012800.1.1,Nitab08g022910.1.1,Nitab0Sg007300.1.1,Nitab0Sg016630.1.1,Nitab0Sg021560.1.1,Nitab0Tg009760.1.1,Nitab11g026750.1.1,Nitab13g005160.1.1,Nitab15g010580.1.1,Nitab19g017480.1.1,Nitab19g031900.1.1,Nitab20g016250.1.1,Nitab20g020000.1.1,Nitab21g013110.1.1,Nitab23g007830.1.1,Nitab23g008160.1.1"
54,TF_AP-2,3,"Nitab05g020960.1.1,Nitab13g007500.1.1,Nitab16g014790.1.1"
55,CENP-B_N,9,"Nitab01g011470.1.1,Nitab03g025900.1.1,Nitab07g005220.1.1,Nitab08g010380.1.1,Nitab09g014650.1.1,Nitab17g032030.1.1,Nitab19g027730.1.1,Nitab22g006090.1.1,Nitab23g013760.1.1"
56,PAX,1,Nitab10g017810.1.1
57,NAM,205,"Nitab01g005100.1.1,Nitab01g009570.1.1,Nitab01g010670.1.1,Nitab01g020100.1.1,Nitab01g023830.1.1,Nitab01g026550.1.1,Nitab01g026950.1.1,Nitab02g014710.1.1,Nitab02g018030.1.1,Nitab02g018040.1.1,Nitab02g018590.1.1,Nitab02g019130.1.1,Nitab02g021950.1.1,Nitab02g026320.1.1,Nitab03g008260.1.1,Nitab03g008450.1.1,Nitab03g018340.1.1,Nitab03g022020.1.1,Nitab03g025920.1.1,Nitab03g031180.1.1,Nitab03g031480.1.1,Nitab03g033370.1.1,Nitab03g033550.1.1,Nitab03g034590.1.1,Nitab03g035770.1.1,Nitab04g009560.1.1,Nitab04g012390.1.1,Nitab04g017540.1.1,Nitab04g019500.1.1,Nitab04g023250.1.1,Nitab04g028290.1.1,Nitab04g029740.1.1,Nitab04g029750.1.1,Nitab04g031490.1.1,Nitab04g031500.1.1,Nitab04g032260.1.1,Nitab04g032270.1.1,Nitab04g032300.1.1,Nitab04g032350.1.1,Nitab04g032390.1.1,Nitab04g032400.1.1,Nitab04g032640.1.1,Nitab04g032660.1.1,Nitab04g032670.1.1,Nitab04g032690.1.1,Nitab05g008260.1.1,Nitab05g014730.1.1,Nitab05g026290.1.1,Nitab05g028040.1.1,Nitab06g005210.1.1,Nitab06g005820.1.1,Nitab06g006640.1.1,Nitab06g006720.1.1,Nitab06g006730.1.1,Nitab06g006740.1.1,Nitab06g009730.1.1,Nitab06g011540.1.1,Nitab06g015760.1.1,Nitab06g019750.1.1,Nitab06g021130.1.1,Nitab06g021760.1.1,Nitab06g030450.1.1,Nitab06g033790.1.1,Nitab06g034500.1.1,Nitab07g007340.1.1,Nitab07g012050.1.1,Nitab07g019670.1.1,Nitab07g021590.1.1,Nitab08g005430.1.1,Nitab08g008710.1.1,Nitab08g010030.1.1,Nitab08g011420.1.1,Nitab08g012600.1.1,Nitab08g013940.1.1,Nitab08g019450.1.1,Nitab08g021910.1.1,Nitab08g022640.1.1,Nitab08g024790.1.1,Nitab08g029690.1.1,Nitab09g005470.1.1,Nitab09g011260.1.1,Nitab09g012930.1.1,Nitab09g013650.1.1,Nitab09g014510.1.1,Nitab09g015300.1.1,Nitab09g016980.1.1,Nitab09g017140.1.1,Nitab0Sg006980.1.1,Nitab0Sg008470.1.1,Nitab0Sg009680.1.1,Nitab0Sg022770.1.1,Nitab0Tg008830.1.1,Nitab0Ug007100.1.1,Nitab0Ug016440.1.1,Nitab0Ug017210.1.1,Nitab0Ug018410.1.1,Nitab0Ug019730.1.1,Nitab10g005080.1.1,Nitab10g007790.1.1,Nitab10g015200.1.1,Nitab10g017760.1.1,Nitab10g017770.1.1,Nitab10g018360.1.1,Nitab10g019600.1.1,Nitab10g021810.1.1,Nitab10g024500.1.1,Nitab11g005850.1.1,Nitab11g005860.1.1,Nitab11g005880.1.1,Nitab11g005890.1.1,Nitab11g009640.1.1,Nitab11g010380.1.1,Nitab11g011710.1.1,Nitab11g018740.1.1,Nitab11g020200.1.1,Nitab11g021410.1.1,Nitab12g010660.1.1,Nitab12g012710.1.1,Nitab12g014010.1.1,Nitab12g016770.1.1,Nitab12g021120.1.1,Nitab12g022440.1.1,Nitab12g023730.1.1,Nitab12g024400.1.1,Nitab13g011000.1.1,Nitab13g011010.1.1,Nitab13g012150.1.1,Nitab13g013780.1.1,Nitab13g015680.1.1,Nitab13g016680.1.1,Nitab13g017450.1.1,Nitab13g022230.1.1,Nitab13g024000.1.1,Nitab14g015730.1.1,Nitab14g016930.1.1,Nitab14g019370.1.1,Nitab14g020020.1.1,Nitab15g008770.1.1,Nitab15g012060.1.1,Nitab15g018060.1.1,Nitab15g021460.1.1,Nitab15g022540.1.1,Nitab15g024120.1.1,Nitab16g013580.1.1,Nitab16g014420.1.1,Nitab16g017960.1.1,Nitab16g019440.1.1,Nitab16g023960.1.1,Nitab16g024550.1.1,Nitab16g025050.1.1,Nitab17g005200.1.1,Nitab17g009530.1.1,Nitab17g012190.1.1,Nitab17g015450.1.1,Nitab17g015890.1.1,Nitab17g016440.1.1,Nitab17g025330.1.1,Nitab17g026430.1.1,Nitab17g028090.1.1,Nitab17g032000.1.1,Nitab17g032020.1.1,Nitab17g034140.1.1,Nitab17g037570.1.1,Nitab18g008040.1.1,Nitab18g008920.1.1,Nitab18g012630.1.1,Nitab18g012780.1.1,Nitab18g014510.1.1,Nitab18g015210.1.1,Nitab18g017620.1.1,Nitab18g018190.1.1,Nitab18g025910.1.1,Nitab19g012150.1.1,Nitab19g032950.1.1,Nitab20g007330.1.1,Nitab20g009440.1.1,Nitab20g014480.1.1,Nitab20g018390.1.1,Nitab20g024660.1.1,Nitab21g007610.1.1,Nitab21g007760.1.1,Nitab21g008330.1.1,Nitab21g011240.1.1,Nitab21g012880.1.1,Nitab21g015780.1.1,Nitab22g006440.1.1,Nitab22g007990.1.1,Nitab22g008590.1.1,Nitab22g010550.1.1,Nitab22g012320.1.1,Nitab22g014580.1.1,Nitab22g017710.1.1,Nitab22g026940.1.1,Nitab23g006090.1.1,Nitab23g010470.1.1,Nitab23g013010.1.1,Nitab23g015620.1.1,Nitab23g019040.1.1,Nitab23g024040.1.1,Nitab23g027240.1.1,Nitab24g005500.1.1,Nitab24g013450.1.1,Nitab24g020680.1.1,Nitab24g021140.1.1,Nitab24g023580.1.1"
58,RRM_1,532,"Nitab01g010430.1.1,Nitab01g014900.1.1,Nitab01g015550.1.1,Nitab01g016100.1.1,Nitab01g017150.1.1,Nitab01g017370.1.1,Nitab01g017880.1.1,Nitab01g018200.1.1,Nitab01g018620.1.1,Nitab01g019970.1.1,Nitab01g020540.1.1,Nitab01g023300.1.1,Nitab01g023620.1.1,Nitab01g023850.1.1,Nitab01g025510.1.1,Nitab01g026450.1.1,Nitab01g026510.1.1,Nitab01g027140.1.1,Nitab01g027150.1.1,Nitab01g027990.1.1,Nitab01g028310.1.1,Nitab01g028640.1.1,Nitab02g006320.1.1,Nitab02g007370.1.1,Nitab02g008200.1.1,Nitab02g014680.1.1,Nitab02g014960.1.1,Nitab02g014970.1.1,Nitab02g016110.1.1,Nitab02g016700.1.1,Nitab02g016810.1.1,Nitab02g019630.1.1,Nitab02g020380.1.1,Nitab02g024990.1.1,Nitab02g025320.1.1,Nitab02g025410.1.1,Nitab02g025940.1.1,Nitab02g027100.1.1,Nitab02g027450.1.1,Nitab03g005290.1.1,Nitab03g005690.1.1,Nitab03g008770.1.1,Nitab03g009440.1.1,Nitab03g010790.1.1,Nitab03g011260.1.1,Nitab03g013640.1.1,Nitab03g013990.1.1,Nitab03g015300.1.1,Nitab03g016320.1.1,Nitab03g016970.1.1,Nitab03g019380.1.1,Nitab03g020220.1.1,Nitab03g020530.1.1,Nitab03g021870.1.1,Nitab03g022550.1.1,Nitab03g022890.1.1,Nitab03g026860.1.1,Nitab03g028500.1.1,Nitab03g030830.1.1,Nitab03g030920.1.1,Nitab03g030940.1.1,Nitab03g031240.1.1,Nitab03g031250.1.1,Nitab03g033510.1.1,Nitab03g034320.1.1,Nitab03g034540.1.1,Nitab03g034740.1.1,Nitab04g005360.1.1,Nitab04g006230.1.1,Nitab04g006270.1.1,Nitab04g006680.1.1,Nitab04g006980.1.1,Nitab04g009600.1.1,Nitab04g010220.1.1,Nitab04g013840.1.1,Nitab04g015350.1.1,Nitab04g017840.1.1,Nitab04g018060.1.1,Nitab04g018680.1.1,Nitab04g019710.1.1,Nitab04g019730.1.1,Nitab04g019740.1.1,Nitab04g020440.1.1,Nitab04g020450.1.1,Nitab04g020470.1.1,Nitab04g021010.1.1,Nitab04g021140.1.1,Nitab04g022200.1.1,Nitab04g023590.1.1,Nitab04g024140.1.1,Nitab04g027710.1.1,Nitab04g028180.1.1,Nitab04g029650.1.1,Nitab04g029920.1.1,Nitab04g030600.1.1,Nitab04g031930.1.1,Nitab04g032060.1.1,Nitab04g032310.1.1,Nitab05g005450.1.1,Nitab05g005530.1.1,Nitab05g006410.1.1,Nitab05g007080.1.1,Nitab05g007180.1.1,Nitab05g007370.1.1,Nitab05g007380.1.1,Nitab05g009750.1.1,Nitab05g009980.1.1,Nitab05g010370.1.1,Nitab05g011620.1.1,Nitab05g012060.1.1,Nitab05g012660.1.1,Nitab05g012810.1.1,Nitab05g013700.1.1,Nitab05g015450.1.1,Nitab05g016210.1.1,Nitab05g017360.1.1,Nitab05g017810.1.1,Nitab05g018550.1.1,Nitab05g018800.1.1,Nitab05g019270.1.1,Nitab05g021100.1.1,Nitab05g022200.1.1,Nitab05g023280.1.1,Nitab05g023460.1.1,Nitab05g023960.1.1,Nitab05g026830.1.1,Nitab06g005770.1.1,Nitab06g005800.1.1,Nitab06g006100.1.1,Nitab06g006200.1.1,Nitab06g007450.1.1,Nitab06g008200.1.1,Nitab06g009360.1.1,Nitab06g011610.1.1,Nitab06g011920.1.1,Nitab06g014920.1.1,Nitab06g015490.1.1,Nitab06g016750.1.1,Nitab06g017850.1.1,Nitab06g017870.1.1,Nitab06g019550.1.1,Nitab06g020360.1.1,Nitab06g023510.1.1,Nitab06g024160.1.1,Nitab06g026290.1.1,Nitab06g027290.1.1,Nitab06g027730.1.1,Nitab06g028030.1.1,Nitab06g035480.1.1,Nitab07g005800.1.1,Nitab07g007460.1.1,Nitab07g008270.1.1,Nitab07g008510.1.1,Nitab07g009090.1.1,Nitab07g009100.1.1,Nitab07g011560.1.1,Nitab07g014270.1.1,Nitab07g016850.1.1,Nitab07g020010.1.1,Nitab07g020130.1.1,Nitab07g021890.1.1,Nitab07g023080.1.1,Nitab07g023850.1.1,Nitab07g027450.1.1,Nitab07g028710.1.1,Nitab07g029910.1.1,Nitab07g029920.1.1,Nitab07g030200.1.1,Nitab07g030390.1.1,Nitab07g030580.1.1,Nitab07g033070.1.1,Nitab07g033140.1.1,Nitab08g006090.1.1,Nitab08g009000.1.1,Nitab08g009120.1.1,Nitab08g009480.1.1,Nitab08g009900.1.1,Nitab08g010850.1.1,Nitab08g010860.1.1,Nitab08g011590.1.1,Nitab08g014430.1.1,Nitab08g019780.1.1,Nitab08g021950.1.1,Nitab08g022040.1.1,Nitab08g022150.1.1,Nitab08g022360.1.1,Nitab08g023220.1.1,Nitab08g024290.1.1,Nitab08g026280.1.1,Nitab08g026310.1.1,Nitab08g026830.1.1,Nitab09g005130.1.1,Nitab09g010600.1.1,Nitab09g010610.1.1,Nitab09g011330.1.1,Nitab09g014340.1.1,Nitab09g014990.1.1,Nitab09g015640.1.1,Nitab09g015650.1.1,Nitab09g017910.1.1,Nitab09g018740.1.1,Nitab09g019670.1.1,Nitab09g020840.1.1,Nitab09g021020.1.1,Nitab09g022600.1.1,Nitab0Sg007810.1.1,Nitab0Sg009730.1.1,Nitab0Sg010120.1.1,Nitab0Sg012150.1.1,Nitab0Sg013030.1.1,Nitab0Sg014630.1.1,Nitab0Sg018690.1.1,Nitab0Sg021800.1.1,Nitab0Sg022950.1.1,Nitab0Sg024230.1.1,Nitab0Sg024710.1.1,Nitab0Sg024850.1.1,Nitab0Sg026430.1.1,Nitab0Sg026810.1.1,Nitab0Sg027370.1.1,Nitab0Tg005650.1.1,Nitab0Tg007090.1.1,Nitab0Tg009580.1.1,Nitab0Ug006300.1.1,Nitab0Ug006600.1.1,Nitab0Ug007120.1.1,Nitab0Ug007540.1.1,Nitab0Ug008050.1.1,Nitab0Ug008740.1.1,Nitab0Ug009130.1.1,Nitab0Ug010500.1.1,Nitab0Ug011780.1.1,Nitab0Ug012620.1.1,Nitab0Ug012630.1.1,Nitab0Ug012840.1.1,Nitab0Ug013270.1.1,Nitab0Ug015090.1.1,Nitab0Ug017060.1.1,Nitab0Ug017260.1.1,Nitab0Ug017510.1.1,Nitab0Ug024270.1.1,Nitab0Ug026640.1.1,Nitab0Ug027140.1.1,Nitab10g006690.1.1,Nitab10g007560.1.1,Nitab10g007710.1.1,Nitab10g008800.1.1,Nitab10g008810.1.1,Nitab10g014550.1.1,Nitab10g015170.1.1,Nitab10g015630.1.1,Nitab10g016620.1.1,Nitab10g020260.1.1,Nitab10g020930.1.1,Nitab10g023260.1.1,Nitab10g023370.1.1,Nitab10g023610.1.1,Nitab10g023690.1.1,Nitab10g024160.1.1,Nitab10g025130.1.1,Nitab10g025490.1.1,Nitab11g005770.1.1,Nitab11g008560.1.1,Nitab11g009090.1.1,Nitab11g009520.1.1,Nitab11g009530.1.1,Nitab11g010620.1.1,Nitab11g012270.1.1,Nitab11g015070.1.1,Nitab11g015160.1.1,Nitab11g016290.1.1,Nitab11g017820.1.1,Nitab11g021860.1.1,Nitab11g022050.1.1,Nitab11g023870.1.1,Nitab11g024330.1.1,Nitab11g026100.1.1,Nitab12g005160.1.1,Nitab12g006100.1.1,Nitab12g006370.1.1,Nitab12g007750.1.1,Nitab12g011900.1.1,Nitab12g013670.1.1,Nitab12g015500.1.1,Nitab12g017710.1.1,Nitab12g017740.1.1,Nitab12g018420.1.1,Nitab12g020200.1.1,Nitab12g021100.1.1,Nitab12g021680.1.1,Nitab12g024260.1.1,Nitab12g024870.1.1,Nitab12g024960.1.1,Nitab13g006520.1.1,Nitab13g008430.1.1,Nitab13g008800.1.1,Nitab13g009700.1.1,Nitab13g010520.1.1,Nitab13g012010.1.1,Nitab13g014110.1.1,Nitab13g018660.1.1,Nitab13g018740.1.1,Nitab13g018760.1.1,Nitab13g020480.1.1,Nitab13g021730.1.1,Nitab13g023360.1.1,Nitab13g024250.1.1,Nitab13g024260.1.1,Nitab13g027120.1.1,Nitab14g007000.1.1,Nitab14g007070.1.1,Nitab14g008910.1.1,Nitab14g009060.1.1,Nitab14g009340.1.1,Nitab14g011850.1.1,Nitab14g014870.1.1,Nitab14g017040.1.1,Nitab14g018710.1.1,Nitab14g018810.1.1,Nitab14g019500.1.1,Nitab15g005460.1.1,Nitab15g014440.1.1,Nitab15g014540.1.1,Nitab15g014890.1.1,Nitab15g016750.1.1,Nitab15g016810.1.1,Nitab15g019490.1.1,Nitab15g023010.1.1,Nitab16g005130.1.1,Nitab16g005400.1.1,Nitab16g006570.1.1,Nitab16g006890.1.1,Nitab16g008550.1.1,Nitab16g009320.1.1,Nitab16g012730.1.1,Nitab16g012800.1.1,Nitab16g013780.1.1,Nitab16g016840.1.1,Nitab16g017470.1.1,Nitab16g018890.1.1,Nitab16g019290.1.1,Nitab16g021380.1.1,Nitab16g021500.1.1,Nitab16g022090.1.1,Nitab16g022100.1.1,Nitab16g022430.1.1,Nitab16g024480.1.1,Nitab17g005040.1.1,Nitab17g009000.1.1,Nitab17g010100.1.1,Nitab17g010550.1.1,Nitab17g011690.1.1,Nitab17g013100.1.1,Nitab17g013140.1.1,Nitab17g014330.1.1,Nitab17g014970.1.1,Nitab17g015480.1.1,Nitab17g015800.1.1,Nitab17g017770.1.1,Nitab17g019640.1.1,Nitab17g019650.1.1,Nitab17g020290.1.1,Nitab17g021450.1.1,Nitab17g022590.1.1,Nitab17g023390.1.1,Nitab17g023640.1.1,Nitab17g026220.1.1,Nitab17g026550.1.1,Nitab17g026690.1.1,Nitab17g027190.1.1,Nitab17g027330.1.1,Nitab17g028730.1.1,Nitab17g029810.1.1,Nitab17g029820.1.1,Nitab17g029890.1.1,Nitab17g033570.1.1,Nitab17g034220.1.1,Nitab17g034240.1.1,Nitab17g035540.1.1,Nitab17g035760.1.1,Nitab17g036680.1.1,Nitab17g038080.1.1,Nitab17g038550.1.1,Nitab18g007190.1.1,Nitab18g007290.1.1,Nitab18g007750.1.1,Nitab18g008390.1.1,Nitab18g008630.1.1,Nitab18g008780.1.1,Nitab18g009060.1.1,Nitab18g009530.1.1,Nitab18g011200.1.1,Nitab18g011690.1.1,Nitab18g014790.1.1,Nitab18g015600.1.1,Nitab18g018320.1.1,Nitab18g019120.1.1,Nitab18g019900.1.1,Nitab18g025660.1.1,Nitab19g006620.1.1,Nitab19g006640.1.1,Nitab19g007120.1.1,Nitab19g010380.1.1,Nitab19g011800.1.1,Nitab19g014150.1.1,Nitab19g014270.1.1,Nitab19g014910.1.1,Nitab19g015040.1.1,Nitab19g015290.1.1,Nitab19g016910.1.1,Nitab19g017620.1.1,Nitab19g018100.1.1,Nitab19g019400.1.1,Nitab19g019420.1.1,Nitab19g019700.1.1,Nitab19g019890.1.1,Nitab19g020760.1.1,Nitab19g025820.1.1,Nitab19g026810.1.1,Nitab19g030860.1.1,Nitab19g033190.1.1,Nitab19g033380.1.1,Nitab19g034810.1.1,Nitab19g035210.1.1,Nitab19g036760.1.1,Nitab19g036870.1.1,Nitab19g037230.1.1,Nitab19g037750.1.1,Nitab19g038770.1.1,Nitab19g039070.1.1,Nitab20g008470.1.1,Nitab20g010090.1.1,Nitab20g011000.1.1,Nitab20g011310.1.1,Nitab20g013080.1.1,Nitab20g014190.1.1,Nitab20g014610.1.1,Nitab20g014690.1.1,Nitab20g015090.1.1,Nitab20g015300.1.1,Nitab20g017120.1.1,Nitab20g024630.1.1,Nitab21g008170.1.1,Nitab21g008670.1.1,Nitab21g008830.1.1,Nitab21g011300.1.1,Nitab21g011550.1.1,Nitab21g012580.1.1,Nitab21g013430.1.1,Nitab21g014140.1.1,Nitab21g015230.1.1,Nitab21g015970.1.1,Nitab21g016070.1.1,Nitab21g017740.1.1,Nitab21g017760.1.1,Nitab21g018310.1.1,Nitab21g018860.1.1,Nitab22g005590.1.1,Nitab22g005600.1.1,Nitab22g007690.1.1,Nitab22g007840.1.1,Nitab22g011670.1.1,Nitab22g012170.1.1,Nitab22g013810.1.1,Nitab22g015380.1.1,Nitab22g016190.1.1,Nitab22g018350.1.1,Nitab22g019700.1.1,Nitab22g022820.1.1,Nitab22g023590.1.1,Nitab22g023840.1.1,Nitab22g025430.1.1,Nitab22g025840.1.1,Nitab22g026300.1.1,Nitab22g026670.1.1,Nitab22g026800.1.1,Nitab22g029260.1.1,Nitab22g031150.1.1,Nitab22g032000.1.1,Nitab22g034910.1.1,Nitab22g035480.1.1,Nitab22g035520.1.1,Nitab23g006430.1.1,Nitab23g012750.1.1,Nitab23g014670.1.1,Nitab23g015700.1.1,Nitab23g017780.1.1,Nitab23g018430.1.1,Nitab23g018900.1.1,Nitab23g019500.1.1,Nitab23g019880.1.1,Nitab23g020970.1.1,Nitab23g021090.1.1,Nitab23g021480.1.1,Nitab23g021880.1.1,Nitab23g022400.1.1,Nitab23g023820.1.1,Nitab23g024020.1.1,Nitab23g024300.1.1,Nitab23g026310.1.1,Nitab23g026600.1.1,Nitab23g027670.1.1,Nitab23g027690.1.1,Nitab23g028240.1.1,Nitab23g028950.1.1,Nitab23g029040.1.1,Nitab23g029540.1.1,Nitab23g029600.1.1,Nitab24g005240.1.1,Nitab24g005740.1.1,Nitab24g005750.1.1,Nitab24g007770.1.1,Nitab24g008700.1.1,Nitab24g009160.1.1,Nitab24g009700.1.1,Nitab24g010110.1.1,Nitab24g011140.1.1,Nitab24g011570.1.1,Nitab24g011820.1.1,Nitab24g014230.1.1,Nitab24g014240.1.1,Nitab24g014490.1.1,Nitab24g015970.1.1,Nitab24g016390.1.1,Nitab24g017380.1.1,Nitab24g017420.1.1,Nitab24g018270.1.1,Nitab24g018540.1.1,Nitab24g018720.1.1,Nitab24g019990.1.1,Nitab24g020310.1.1,Nitab24g022120.1.1"
59,E2F_TDP,20,"Nitab02g013830.1.1,Nitab03g032030.1.1,Nitab03g032740.1.1,Nitab04g014020.1.1,Nitab04g019840.1.1,Nitab04g020350.1.1,Nitab05g020810.1.1,Nitab06g025670.1.1,Nitab08g019510.1.1,Nitab09g016920.1.1,Nitab0Sg015090.1.1,Nitab0Ug015970.1.1,Nitab0Ug018570.1.1,Nitab10g014440.1.1,Nitab11g014710.1.1,Nitab15g017240.1.1,Nitab16g016720.1.1,Nitab16g026070.1.1,Nitab18g012880.1.1,Nitab22g017630.1.1"
60,Copper-fist,5,"Nitab06g028950.1.1,Nitab07g008190.1.1,Nitab0Sg027660.1.1,Nitab13g013140.1.1,Nitab16g015740.1.1"
61,GATA,62,"Nitab01g019070.1.1,Nitab02g014480.1.1,Nitab02g028350.1.1,Nitab03g008670.1.1,Nitab03g017450.1.1,Nitab03g018180.1.1,Nitab04g007930.1.1,Nitab05g008530.1.1,Nitab05g026510.1.1,Nitab06g028830.1.1,Nitab07g010540.1.1,Nitab07g010550.1.1,Nitab07g018190.1.1,Nitab07g022600.1.1,Nitab07g029380.1.1,Nitab08g006580.1.1,Nitab08g017680.1.1,Nitab08g027300.1.1,Nitab09g013140.1.1,Nitab09g019850.1.1,Nitab0Sg007360.1.1,Nitab0Sg027270.1.1,Nitab0Ug020390.1.1,Nitab0Ug021650.1.1,Nitab10g026430.1.1,Nitab11g015870.1.1,Nitab11g020620.1.1,Nitab11g022700.1.1,Nitab11g025570.1.1,Nitab12g019220.1.1,Nitab13g006760.1.1,Nitab13g009850.1.1,Nitab13g011760.1.1,Nitab13g017810.1.1,Nitab14g010100.1.1,Nitab14g012990.1.1,Nitab15g006090.1.1,Nitab15g022780.1.1,Nitab16g020450.1.1,Nitab17g015080.1.1,Nitab17g038650.1.1,Nitab17g039280.1.1,Nitab18g018060.1.1,Nitab19g018140.1.1,Nitab19g021900.1.1,Nitab19g021910.1.1,Nitab19g035940.1.1,Nitab20g024380.1.1,Nitab21g009170.1.1,Nitab21g009180.1.1,Nitab21g018780.1.1,Nitab22g012770.1.1,Nitab22g014200.1.1,Nitab22g018720.1.1,Nitab22g026400.1.1,Nitab23g011730.1.1,Nitab23g012110.1.1,Nitab23g016800.1.1,Nitab23g022760.1.1,Nitab23g025840.1.1,Nitab23g026890.1.1,Nitab24g012920.1.1"
62,NDT80_PhoG,1,Nitab22g028470.1.1
63,Runt,2,"Nitab10g005950.1.1,Nitab14g020130.1.1"
64,IBD,1,Nitab12g019220.1.1
65,RHD_DNA_bind,1,Nitab07g022100.1.1
66,S1FA,8,"Nitab02g007700.1.1,Nitab05g011860.1.1,Nitab07g009330.1.1,Nitab10g008230.1.1,Nitab15g016170.1.1,Nitab20g009000.1.1,Nitab24g011480.1.1,Nitab24g021540.1.1"
67,mTERF,76,"Nitab01g022070.1.1,Nitab01g024230.1.1,Nitab03g008520.1.1,Nitab03g012550.1.1,Nitab03g021320.1.1,Nitab03g034480.1.1,Nitab03g035470.1.1,Nitab04g005060.1.1,Nitab04g019610.1.1,Nitab04g020510.1.1,Nitab04g029660.1.1,Nitab04g030610.1.1,Nitab04g032820.1.1,Nitab04g032890.1.1,Nitab04g032900.1.1,Nitab04g032910.1.1,Nitab04g032930.1.1,Nitab04g032940.1.1,Nitab04g032950.1.1,Nitab04g032960.1.1,Nitab06g005610.1.1,Nitab06g005620.1.1,Nitab06g005630.1.1,Nitab06g005650.1.1,Nitab06g005670.1.1,Nitab06g005680.1.1,Nitab06g005700.1.1,Nitab06g007440.1.1,Nitab06g011600.1.1,Nitab06g026090.1.1,Nitab07g005830.1.1,Nitab07g005930.1.1,Nitab07g023140.1.1,Nitab07g033340.1.1,Nitab0Sg007740.1.1,Nitab0Sg007770.1.1,Nitab0Sg007780.1.1,Nitab0Tg007420.1.1,Nitab0Tg007440.1.1,Nitab0Ug018630.1.1,Nitab0Ug020550.1.1,Nitab0Ug022510.1.1,Nitab10g014430.1.1,Nitab12g010680.1.1,Nitab12g013950.1.1,Nitab12g016970.1.1,Nitab12g016980.1.1,Nitab12g016990.1.1,Nitab12g017000.1.1,Nitab12g017020.1.1,Nitab12g017060.1.1,Nitab14g005900.1.1,Nitab16g007830.1.1,Nitab16g013560.1.1,Nitab16g018000.1.1,Nitab16g018670.1.1,Nitab16g019600.1.1,Nitab16g019610.1.1,Nitab16g019660.1.1,Nitab16g019680.1.1,Nitab17g015380.1.1,Nitab17g017850.1.1,Nitab17g025790.1.1,Nitab17g034680.1.1,Nitab19g020610.1.1,Nitab19g020730.1.1,Nitab19g036250.1.1,Nitab20g009550.1.1,Nitab21g013380.1.1,Nitab23g021680.1.1,Nitab23g022370.1.1,Nitab23g024750.1.1,Nitab23g024760.1.1,Nitab23g028290.1.1,Nitab24g020830.1.1,Nitab24g021220.1.1"
68,zf-Dof,69,"Nitab01g008020.1.1,Nitab01g023260.1.1,Nitab02g008850.1.1,Nitab03g011020.1.1,Nitab03g012970.1.1,Nitab03g026160.1.1,Nitab03g026170.1.1,Nitab03g031290.1.1,Nitab03g033480.1.1,Nitab04g007320.1.1,Nitab04g012310.1.1,Nitab04g015020.1.1,Nitab04g017890.1.1,Nitab05g009690.1.1,Nitab05g011560.1.1,Nitab05g027890.1.1,Nitab06g019510.1.1,Nitab06g024500.1.1,Nitab06g028100.1.1,Nitab06g033700.1.1,Nitab07g010540.1.1,Nitab07g010550.1.1,Nitab08g006270.1.1,Nitab08g008760.1.1,Nitab08g015600.1.1,Nitab08g018770.1.1,Nitab08g020510.1.1,Nitab09g013140.1.1,Nitab09g020740.1.1,Nitab0Sg012010.1.1,Nitab0Sg017460.1.1,Nitab0Sg018940.1.1,Nitab0Sg025130.1.1,Nitab0Tg006790.1.1,Nitab0Ug012280.1.1,Nitab10g009420.1.1,Nitab12g015450.1.1,Nitab12g019220.1.1,Nitab12g022080.1.1,Nitab12g023850.1.1,Nitab14g020220.1.1,Nitab15g008420.1.1,Nitab15g024020.1.1,Nitab16g016660.1.1,Nitab16g020450.1.1,Nitab16g024700.1.1,Nitab17g013000.1.1,Nitab17g031760.1.1,Nitab18g007840.1.1,Nitab18g008540.1.1,Nitab18g009650.1.1,Nitab18g009660.1.1,Nitab18g018060.1.1,Nitab19g021900.1.1,Nitab19g021910.1.1,Nitab19g027450.1.1,Nitab20g013260.1.1,Nitab21g007330.1.1,Nitab22g007960.1.1,Nitab22g008340.1.1,Nitab22g010270.1.1,Nitab22g013980.1.1,Nitab22g018830.1.1,Nitab22g021160.1.1,Nitab23g006010.1.1,Nitab23g010890.1.1,Nitab23g023790.1.1,Nitab24g011860.1.1,Nitab24g017530.1.1"
69,zf-C2HC,1,Nitab0Tg007040.1.1
70,CG-1,15,"Nitab03g022980.1.1,Nitab03g031980.1.1,Nitab05g014480.1.1,Nitab07g023070.1.1,Nitab11g025710.1.1,Nitab11g025730.1.1,Nitab13g019910.1.1,Nitab14g012160.1.1,Nitab14g014300.1.1,Nitab17g011610.1.1,Nitab19g035310.1.1,Nitab20g014720.1.1,Nitab22g023700.1.1,Nitab22g024060.1.1,Nitab24g019050.1.1"
71,Forkhead,2,"Nitab04g024280.1.1,Nitab10g013990.1.1"
72,SRF-TF,102,"Nitab01g009080.1.1,Nitab01g015380.1.1,Nitab01g018690.1.1,Nitab01g022420.1.1,Nitab02g023800.1.1,Nitab03g009240.1.1,Nitab03g010660.1.1,Nitab03g018140.1.1,Nitab03g023490.1.1,Nitab03g030210.1.1,Nitab03g030220.1.1,Nitab03g030580.1.1,Nitab03g030600.1.1,Nitab04g012340.1.1,Nitab04g013000.1.1,Nitab04g013010.1.1,Nitab04g016360.1.1,Nitab04g028020.1.1,Nitab04g028030.1.1,Nitab04g030180.1.1,Nitab04g030190.1.1,Nitab04g032110.1.1,Nitab04g032450.1.1,Nitab04g032720.1.1,Nitab05g006520.1.1,Nitab05g021640.1.1,Nitab05g023450.1.1,Nitab06g005870.1.1,Nitab06g006060.1.1,Nitab06g016420.1.1,Nitab06g022520.1.1,Nitab06g026480.1.1,Nitab06g034720.1.1,Nitab07g007940.1.1,Nitab07g009970.1.1,Nitab07g010000.1.1,Nitab07g010010.1.1,Nitab07g010020.1.1,Nitab07g010050.1.1,Nitab07g010070.1.1,Nitab07g011830.1.1,Nitab07g011870.1.1,Nitab07g022500.1.1,Nitab07g031460.1.1,Nitab08g008450.1.1,Nitab08g013780.1.1,Nitab08g026060.1.1,Nitab0Sg008730.1.1,Nitab0Sg015910.1.1,Nitab0Sg024730.1.1,Nitab0Ug005000.1.1,Nitab0Ug018380.1.1,Nitab0Ug018430.1.1,Nitab0Ug024520.1.1,Nitab0Ug026580.1.1,Nitab11g006300.1.1,Nitab11g014530.1.1,Nitab11g021010.1.1,Nitab12g010360.1.1,Nitab12g014270.1.1,Nitab12g018930.1.1,Nitab12g018970.1.1,Nitab12g020770.1.1,Nitab12g023440.1.1,Nitab13g006400.1.1,Nitab13g011390.1.1,Nitab13g011400.1.1,Nitab13g025310.1.1,Nitab14g015930.1.1,Nitab15g018350.1.1,Nitab16g013340.1.1,Nitab16g014460.1.1,Nitab16g023560.1.1,Nitab17g013260.1.1,Nitab17g014520.1.1,Nitab17g025010.1.1,Nitab17g032790.1.1,Nitab19g017030.1.1,Nitab19g023580.1.1,Nitab19g023590.1.1,Nitab19g023600.1.1,Nitab19g023610.1.1,Nitab19g023620.1.1,Nitab19g026050.1.1,Nitab19g026340.1.1,Nitab19g026350.1.1,Nitab19g035810.1.1,Nitab20g010490.1.1,Nitab20g019000.1.1,Nitab20g023170.1.1,Nitab21g006150.1.1,Nitab22g008290.1.1,Nitab22g012370.1.1,Nitab22g014910.1.1,Nitab22g022310.1.1,Nitab22g023620.1.1,Nitab22g026040.1.1,Nitab23g009570.1.1,Nitab24g005390.1.1,Nitab24g019590.1.1,Nitab24g022380.1.1,Nitab24g022390.1.1"
73,Pou,15,"Nitab03g024070.1.1,Nitab03g033030.1.1,Nitab04g027610.1.1,Nitab05g022090.1.1,Nitab05g027060.1.1,Nitab06g034340.1.1,Nitab11g009710.1.1,Nitab15g023280.1.1,Nitab19g009470.1.1,Nitab21g006690.1.1,Nitab21g006800.1.1,Nitab21g006820.1.1,Nitab21g006870.1.1,Nitab21g007030.1.1,Nitab22g032900.1.1"
74,zf-CXXC,1,Nitab02g013330.1.1
75,KilA-N,3,"Nitab04g028150.1.1,Nitab10g008210.1.1,Nitab23g026220.1.1"
76,AT_hook,46,"Nitab01g008250.1.1,Nitab01g019870.1.1,Nitab02g005000.1.1,Nitab02g028330.1.1,Nitab03g008100.1.1,Nitab05g027040.1.1,Nitab07g011090.1.1,Nitab08g012510.1.1,Nitab08g013440.1.1,Nitab08g023660.1.1,Nitab0Sg016860.1.1,Nitab0Ug009850.1.1,Nitab10g006110.1.1,Nitab10g016670.1.1,Nitab10g026360.1.1,Nitab11g008140.1.1,Nitab11g008340.1.1,Nitab11g011480.1.1,Nitab11g017100.1.1,Nitab12g008570.1.1,Nitab12g018900.1.1,Nitab13g006270.1.1,Nitab13g015510.1.1,Nitab13g022540.1.1,Nitab15g013670.1.1,Nitab15g022110.1.1,Nitab15g023250.1.1,Nitab16g006910.1.1,Nitab16g011320.1.1,Nitab16g022920.1.1,Nitab16g026380.1.1,Nitab17g016100.1.1,Nitab17g035810.1.1,Nitab17g039340.1.1,Nitab18g019380.1.1,Nitab18g023050.1.1,Nitab19g025370.1.1,Nitab19g033580.1.1,Nitab20g015860.1.1,Nitab21g013930.1.1,Nitab22g010080.1.1,Nitab22g010620.1.1,Nitab23g008340.1.1,Nitab23g010010.1.1,Nitab23g022090.1.1,Nitab23g026290.1.1"
77,Homeodomain,193,"Nitab01g005340.1.1,Nitab01g007420.1.1,Nitab01g009050.1.1,Nitab01g011900.1.1,Nitab01g012910.1.1,Nitab01g014070.1.1,Nitab01g016610.1.1,Nitab01g020380.1.1,Nitab01g020780.1.1,Nitab01g023680.1.1,Nitab01g026660.1.1,Nitab02g006160.1.1,Nitab02g013570.1.1,Nitab02g021970.1.1,Nitab02g022880.1.1,Nitab02g024030.1.1,Nitab03g007350.1.1,Nitab03g008780.1.1,Nitab03g009400.1.1,Nitab03g010410.1.1,Nitab03g011250.1.1,Nitab03g015740.1.1,Nitab03g016890.1.1,Nitab03g018480.1.1,Nitab03g019910.1.1,Nitab03g025700.1.1,Nitab03g025900.1.1,Nitab03g025950.1.1,Nitab03g029210.1.1,Nitab03g029610.1.1,Nitab03g031340.1.1,Nitab03g031550.1.1,Nitab03g032450.1.1,Nitab03g033300.1.1,Nitab03g033430.1.1,Nitab03g033850.1.1,Nitab04g007910.1.1,Nitab04g008240.1.1,Nitab04g010250.1.1,Nitab04g014720.1.1,Nitab04g015240.1.1,Nitab04g015260.1.1,Nitab04g019890.1.1,Nitab04g020270.1.1,Nitab04g030240.1.1,Nitab05g009530.1.1,Nitab05g016970.1.1,Nitab05g026680.1.1,Nitab06g007770.1.1,Nitab06g012430.1.1,Nitab06g012450.1.1,Nitab06g013790.1.1,Nitab06g017180.1.1,Nitab06g021770.1.1,Nitab06g024240.1.1,Nitab06g025150.1.1,Nitab06g028800.1.1,Nitab06g029160.1.1,Nitab06g031170.1.1,Nitab07g009530.1.1,Nitab07g011390.1.1,Nitab07g018540.1.1,Nitab07g020020.1.1,Nitab07g023160.1.1,Nitab07g025060.1.1,Nitab08g012970.1.1,Nitab08g018480.1.1,Nitab08g018740.1.1,Nitab08g021440.1.1,Nitab08g021980.1.1,Nitab08g024100.1.1,Nitab08g025910.1.1,Nitab08g029620.1.1,Nitab09g009220.1.1,Nitab09g014650.1.1,Nitab09g016800.1.1,Nitab09g019780.1.1,Nitab09g020010.1.1,Nitab09g020540.1.1,Nitab09g020550.1.1,Nitab09g021100.1.1,Nitab0Sg006190.1.1,Nitab0Sg008250.1.1,Nitab0Sg008600.1.1,Nitab0Sg017630.1.1,Nitab0Sg022720.1.1,Nitab0Sg025880.1.1,Nitab0Sg026630.1.1,Nitab0Sg026830.1.1,Nitab0Ug008190.1.1,Nitab0Ug014310.1.1,Nitab0Ug016650.1.1,Nitab0Ug017050.1.1,Nitab0Ug020880.1.1,Nitab0Ug023590.1.1,Nitab10g006260.1.1,Nitab10g010260.1.1,Nitab10g010460.1.1,Nitab10g014120.1.1,Nitab10g019570.1.1,Nitab10g021520.1.1,Nitab10g022490.1.1,Nitab11g006600.1.1,Nitab11g007010.1.1,Nitab11g009040.1.1,Nitab11g016910.1.1,Nitab12g010890.1.1,Nitab12g018380.1.1,Nitab12g019990.1.1,Nitab12g020000.1.1,Nitab12g022320.1.1,Nitab12g023010.1.1,Nitab12g023020.1.1,Nitab12g023720.1.1,Nitab13g008980.1.1,Nitab13g015360.1.1,Nitab13g025060.1.1,Nitab14g017960.1.1,Nitab14g018850.1.1,Nitab14g019460.1.1,Nitab15g010000.1.1,Nitab15g022900.1.1,Nitab16g007320.1.1,Nitab16g013890.1.1,Nitab16g021050.1.1,Nitab16g021070.1.1,Nitab16g021450.1.1,Nitab16g023930.1.1,Nitab16g024890.1.1,Nitab16g025980.1.1,Nitab16g025990.1.1,Nitab17g013490.1.1,Nitab17g014370.1.1,Nitab17g014940.1.1,Nitab17g021440.1.1,Nitab17g023290.1.1,Nitab17g024670.1.1,Nitab17g027860.1.1,Nitab17g028810.1.1,Nitab17g032030.1.1,Nitab17g032190.1.1,Nitab17g036080.1.1,Nitab17g037400.1.1,Nitab17g038020.1.1,Nitab18g009170.1.1,Nitab18g011050.1.1,Nitab18g013020.1.1,Nitab18g015180.1.1,Nitab18g023720.1.1,Nitab19g014580.1.1,Nitab19g019440.1.1,Nitab19g023170.1.1,Nitab19g025640.1.1,Nitab19g027720.1.1,Nitab19g031750.1.1,Nitab19g033200.1.1,Nitab19g036270.1.1,Nitab19g038420.1.1,Nitab20g009420.1.1,Nitab20g009860.1.1,Nitab20g010070.1.1,Nitab20g011930.1.1,Nitab20g014140.1.1,Nitab20g020550.1.1,Nitab20g024730.1.1,Nitab21g008190.1.1,Nitab21g009640.1.1,Nitab21g011640.1.1,Nitab21g015010.1.1,Nitab21g017210.1.1,Nitab21g021050.1.1,Nitab22g012650.1.1,Nitab22g014320.1.1,Nitab22g017510.1.1,Nitab22g019360.1.1,Nitab22g021840.1.1,Nitab22g029200.1.1,Nitab23g005650.1.1,Nitab23g008620.1.1,Nitab23g009550.1.1,Nitab23g011350.1.1,Nitab23g014550.1.1,Nitab23g016040.1.1,Nitab23g016730.1.1,Nitab23g021120.1.1,Nitab23g021360.1.1,Nitab23g024370.1.1,Nitab23g025980.1.1,Nitab24g006710.1.1,Nitab24g012080.1.1,Nitab24g015210.1.1,Nitab24g020010.1.1,Nitab24g020290.1.1"
78,P53,1,Nitab10g022070.1.1
